rep_id,omega,gamma,beta,c,convergence,rmse,mae,runtime
1,0.09042518344964448,0.14254032970546912,0.7771307043113032,0.9418864730269773,True,0.04411998613218167,0.030696266422185165,30.784153938293457
