rep_id,omega,gamma,beta,c,convergence,rmse,mae,runtime
1,0.10147536759300194,0.09966089540469608,0.7845901387703438,0.8330964824849754,True,0.0686714602871569,0.06512609771412235,16.22851300239563
