rep_id,omega,gamma,beta,c,convergence,rmse,mae,runtime
1,0.09417341481922559,0.11343920064933732,0.806127209783069,0.9712695836317125,True,0.07711051647262841,0.0751902705460291,35.03446125984192
