rep_id,omega,gamma,beta,convergence,rmse,mae,runtime
1,0.21756333352501125,0.07931240493174646,0.43788690307609446,True,0.1881198922249699,0.11336877476710198,0.8695752620697021
