rep_id,omega,gamma,beta,c,convergence,rmse,mae,runtime
1,0.07442694156889941,0.03220186832631844,0.8074922675396532,1.5804991473617258,True,0.07272468084289517,0.057580650658852095,3.626322031021118
