rep_id,omega,gamma,beta,nu,convergence,rmse,mae,runtime
1,0.095052360669474,0.08128487373678756,0.6794409649380017,6.186898871321273,True,0.07146206950350552,0.06257967324409171,1.0730769634246826
