rep_id,omega,gamma,beta,alpha_loss,c,convergence,rmse,mae,runtime
1,0.060931574012031434,0.13441118323550946,0.8645886283359567,0.8122477792030975,1.292027851340522,True,0.06449747886257716,0.06263561241578376,33.77768588066101
