date,ret
2014-09-18,-7.596298196213613
2014-09-19,-7.372113912907263
2014-09-20,3.3791608110994353
2014-09-21,-2.628728938621361
2014-09-22,0.6997785034705828
2014-09-23,7.901295899522243
2014-09-24,-3.062570377118412
2014-09-25,-2.9187448006253724
2014-09-26,-1.8842202078253045
2014-09-27,-1.3522106812527745
2014-09-28,-5.885825215825946
2014-09-29,-0.5874196021219191
2014-09-30,2.878973705546084
2014-10-01,-0.996019114050295
2014-10-02,-2.3841067376700664
2014-10-03,-4.369007630730781
2014-10-04,-9.041680397632224
2014-10-05,-2.7056488021435676
2014-10-06,2.809891167099643
2014-10-07,1.701590673668374
2014-10-08,4.731085929444667
2014-10-09,3.235087805207204
2014-10-10,-1.0854650498955287
2014-10-11,0.07166710266828247
2014-10-12,4.255605298943976
2014-10-13,2.954253493662762
2014-10-14,2.5109823922251806
2014-10-15,-1.664586171502691
2014-10-16,-3.275552580924046
2014-10-17,0.18174561842903003
2014-10-18,1.8505555805615082
2014-10-19,-0.6175018800206544
2014-10-20,-1.8671352865800905
2014-10-21,0.8117357144886483
2014-10-22,-0.9939420137478727
2014-10-23,-6.806994894953
2014-10-24,-0.15205091177428187
2014-10-25,-3.27104000033005
2014-10-26,1.9858592539092612
2014-10-27,-0.6166364178325168
2014-10-28,1.1708845169758675
2014-10-29,-6.4891873724012505
2014-10-30,2.721526565100607
2014-10-31,-2.175250253830452
2014-11-01,-3.9187697903643404
2014-11-02,-0.08807223487066196
2014-11-03,0.3767219299925628
2014-11-04,0.760995272972842
2014-11-05,2.553058938155761
2014-11-06,2.715022962614455
2014-11-07,-2.119870131969659
2014-11-08,0.761482192494789
2014-11-09,4.885230326655954
2014-11-10,0.8705278443149389
2014-11-11,0.07794065310555709
2014-11-12,14.012411154641491
2014-11-13,-0.8014036269527125
2014-11-14,-5.73281807269419
2014-11-15,-5.737143532913169
2014-11-16,2.943871669579501
2014-11-17,-0.25423967353335186
2014-11-18,-3.3344123543171733
2014-11-19,1.2857182023917169
2014-11-20,-6.286437618129792
2014-11-21,-2.1052521426820014
2014-11-22,0.45687513114183176
2014-11-23,3.9360861854380147
2014-11-24,2.3740992202283984
2014-11-25,-0.544861271719288
2014-11-26,-2.0085350407901714
2014-11-27,0.22032666992934935
2014-11-28,1.684686017180148
2014-11-29,-0.3862378173450587
2014-11-30,0.5464392229654003
2014-12-01,0.1844271772949213
2014-12-02,0.41237594313123793
2014-12-03,-1.7992724086006717
2014-12-04,-1.5840176347053259
2014-12-05,1.8106051299722203
2014-12-06,-0.6824947724524577
2014-12-07,-0.04928383283306914
2014-12-08,-3.7106171723272574
2014-12-09,-2.8459295784880823
2014-12-10,-1.8079651277868258
2014-12-11,1.05651239197746
2014-12-12,0.4472252256503495
2014-12-13,-1.6081585569948764
2014-12-14,1.0857723564851263
2014-12-15,-1.9360851465324735
2014-12-16,-5.571376051043764
2014-12-17,-2.384866828163812
2014-12-18,-2.787498298843616
2014-12-19,1.9172477091887075
2014-12-20,3.60821527236439
2014-12-21,-2.9327057232197085
2014-12-22,3.251999786824289
2014-12-23,0.6740949968611076
2014-12-24,-3.796316041841319
2014-12-25,-1.2312010186620093
2014-12-26,2.6246110588186156
2014-12-27,-3.8792943134261293
2014-12-28,0.30272491611214036
2014-12-29,-1.582674272458462
2014-12-30,-0.7521101348114456
2014-12-31,2.865739315201754
2015-01-01,-2.005790569529786
2015-01-02,0.11689884726031607
2015-01-03,-11.534744853773393
2015-01-04,-6.327858055432944
2015-01-05,3.684940984892382
2015-01-06,4.047624946398276
2015-01-07,2.6753342139659964
2015-01-08,-3.9365669321318464
2015-01-09,2.3287813859437456
2015-01-10,-5.657745766901723
2015-01-11,-3.513128909910801
2015-01-12,0.6688518945014543
2015-01-13,-17.162535776222132
2015-01-14,-23.88773463083913
2015-01-15,16.26827219809437
2015-01-16,-0.9679682673885637
2015-01-17,-4.47134715003914
2015-01-18,5.279042848409521
2015-01-19,1.9951105037392836
2015-01-20,-1.796098023883097
2015-01-21,6.982663041890724
2015-01-22,2.6963636750818587
2015-01-23,-0.3580086443887964
2015-01-24,6.09729940416468
2015-01-25,2.209217156695864
2015-01-26,7.365981325213955
2015-01-27,-3.8563988063542
2015-01-28,-12.03203679967304
2015-01-29,-0.30396514464774427
2015-01-30,-3.214360524247528
2015-01-31,-4.1700068194814754
2015-02-01,4.147369122323408
2015-02-02,4.708611913261596
2015-02-03,-4.84220816774954
2015-02-04,-0.31473756583899615
2015-02-05,-4.521313880643518
2015-02-06,2.214655246261099
2015-02-07,2.3071566730719972
2015-02-08,-2.0568108293278264
2015-02-09,-1.6209818621693906
2015-02-10,-0.25515741740926856
2015-02-11,-0.42990006821526094
2015-02-12,1.037804573492629
2015-02-13,5.846747663266605
2015-02-14,8.760386298116973
2015-02-15,-9.28034766532857
2015-02-16,-0.5510213773759709
2015-02-17,3.9598997664632485
2015-02-18,-3.16759944058127
2015-02-19,1.5285559528640746
2015-02-20,1.3125059738492872
2015-02-21,0.1772608058896452
2015-02-22,-3.6939611529002825
2015-02-23,1.0957565131234581
2015-02-24,-0.19770378971895042
2015-02-25,-0.6632478684525545
2015-02-26,-0.572569478170859
2015-02-27,6.9702012134581715
2015-02-28,0.039265167941593404
2015-03-01,2.1769439361501774
2015-03-02,5.642667958397052
2015-03-03,2.032558217192637
2015-03-04,-3.236061749557795
2015-03-05,0.9917214078932979
2015-03-06,-1.3908650376970755
2015-03-07,1.1569792220657682
2015-03-08,-0.824639481498135
2015-03-09,5.278592457807196
2015-03-10,0.6087136214757649
2015-03-11,1.4387822510864012
2015-03-12,-0.8175526191888771
2015-03-13,-3.2431811192426885
2015-03-14,-1.349136736068246
2015-03-15,1.4546160398139385
2015-03-16,1.3238975210329684
2015-03-17,-1.8983689857858366
2015-03-18,-10.923441449048799
2015-03-19,1.6580135500693594
2015-03-20,0.18218296254879363
2015-03-21,-0.7927876301577541
2015-03-22,2.874029617179108
2015-03-23,-0.5882949981134367
2015-03-24,-8.391015266635193
2015-03-25,0.11285802048082161
2015-03-26,0.8119915988936022
2015-03-27,-0.7385464553219201
2015-03-28,2.1765369643992116
2015-03-29,-4.203073327274076
2015-03-30,1.8316335321423516
2015-03-31,-1.4749428807679266
2015-04-01,1.1083494386085135
2015-04-02,2.1600681718026316
2015-04-03,0.38723036685368584
2015-04-04,-0.378016988744001
2015-04-05,2.5518662250523683
2015-04-06,-2.1107474762098732
2015-04-07,-1.0410076732529028
2015-04-08,-3.4072284707948874
2015-04-09,-0.6828193196374954
2015-04-10,-3.302221420067575
2015-04-11,0.07115647430504524
2015-04-12,-0.30077964487764675
2015-04-13,-5.153634539264829
2015-04-14,-2.5785337580481738
2015-04-15,1.978309582302007
2015-04-16,1.9635789967344053
2015-04-17,-2.6532756008893266
2015-04-18,0.08047924529988038
2015-04-19,-0.4710088226774545
2015-04-20,0.7740731403699463
2015-04-21,4.497306912345511
2015-04-22,-0.5976211723911717
2015-04-23,0.8394963920001608
2015-04-24,-2.3529938623616964
2015-04-25,-2.2637692192597925
2015-04-26,-3.2545562189888244
2015-04-27,4.261724043291615
2015-04-28,-1.6396562202197096
2015-04-29,-0.1527737614246405
2015-04-30,4.344133568902375
2015-05-01,-1.8687863712868236
2015-05-02,1.089012711424342
2015-05-03,2.1522288621349084
2015-05-04,-0.6910231127698729
2015-05-05,-1.3514121383813915
2015-05-06,-2.853300234553924
2015-05-07,3.1017776101158745
2015-05-08,2.581855822900625
2015-05-09,-0.9682976810278632
2015-05-10,-0.7691385455124156
2015-05-11,0.6399275935084603
2015-05-12,-0.5648502347470163
2015-05-13,-2.1153201188695014
2015-05-14,0.10129075603320103
2015-05-15,0.1529460443549624
2015-05-16,-0.7449344335356933
2015-05-17,0.14248268204823944
2015-05-18,-1.6956303375808446
2015-05-19,-0.6398391285697969
2015-05-20,0.7569503482017126
2015-05-21,0.43305594390128377
2015-05-22,1.972002357959024
2015-05-23,-0.7479715314190116
2015-05-24,0.7354456498920747
2015-05-25,-1.7397365643571305
2015-05-26,-0.12943403223566463
2015-05-27,-0.06155506929435006
2015-05-28,-0.0792972416857829
2015-05-29,-0.2634737809712462
2015-05-30,-1.7266673519912956
2015-05-31,-1.4932615706014118
2015-06-01,-3.3384841450773806
2015-06-02,1.1503424511187355
2015-06-03,-0.10052506335140876
2015-06-04,-0.8205462931561769
2015-06-05,0.14759386376796968
2015-06-06,0.1641092068751071
2015-06-07,-1.3529399404064613
2015-06-08,2.3530449420350763
2015-06-09,0.11239136972838182
2015-06-10,-0.23898934115056392
2015-06-11,0.26149100408225934
2015-06-12,-0.011449412873787423
2015-06-13,0.9147947352895258
2015-06-14,0.3577980578363338
2015-06-15,1.2627176417185026
2015-06-16,5.6401892706950285
2015-06-17,-0.7761377701907435
2015-06-18,-0.24314021522400253
2015-06-19,-1.9151890254541115
2015-06-20,0.11547703170977641
2015-06-21,-0.6504104462004889
2015-06-22,1.1089549649539343
2015-06-23,-1.2286876727486629
2015-06-24,-1.6917801991991332
2015-06-25,0.8131838030888794
2015-06-26,0.1949326154047526
2015-06-27,2.8590607836899373
2015-06-28,-0.9235671831107517
2015-06-29,3.050835370389926
2015-06-30,2.1783030733631747
2015-07-01,-1.838367741213709
2015-07-02,-1.3805371193693183
2015-07-03,0.2291509724043017
2015-07-04,1.6274768888172808
2015-07-05,4.007903283595127
2015-07-06,-1.1978879343567783
2015-07-07,-1.1868319438079311
2015-07-08,1.5731326397494527
2015-07-09,-0.7086199948140859
2015-07-10,5.523900169236917
2015-07-11,2.712813438461481
2015-07-12,5.748056113657629
2015-07-13,-6.374614556931846
2015-07-14,-1.716070053289176
2015-07-15,-0.7023463522693341
2015-07-16,-2.8772228028602242
2015-07-17,0.36412559992919924
2015-07-18,-1.7810648933846984
2015-07-19,-0.6012263218851288
2015-07-20,1.8105599702360031
2015-07-21,-1.2667626879736993
2015-07-22,0.37033053848904984
2015-07-23,-0.5559778583299035
2015-07-24,4.202728715277182
2015-07-25,0.01326882623997605
2015-07-26,1.2403083130681836
2015-07-27,0.18800044835654006
2015-07-28,0.14114572705352657
2015-07-29,-1.7884615169901252
2015-07-30,-0.779106412715791
2015-07-31,-1.2053980426890654
2015-08-01,-1.2088742537482489
2015-08-02,0.22712043420991535
2015-08-03,-0.6239552263236803
2015-08-04,1.2771988037522775
2015-08-05,-1.3084882654910146
2015-08-06,-1.311364635347978
2015-08-07,0.22922120719721661
2015-08-08,-7.0117012552539215
2015-08-09,1.4214434603416315
2015-08-10,-0.36348168479269916
2015-08-11,2.0803058371920535
2015-08-12,-1.6261276832247873
2015-08-13,-0.9976465212423236
2015-08-14,0.4720881989869419
2015-08-15,-1.6982906745826476
2015-08-16,-1.3026175883497082
2015-08-17,-0.33757508677787484
2015-08-18,-20.19537931375126
2015-08-19,7.000492554477056
2015-08-20,3.619716049159294
2015-08-21,-1.3206468352054301
2015-08-22,-1.0733064602230336
2015-08-23,-1.1006542995167123
2015-08-24,-8.19443644094262
2015-08-25,5.013303108500899
2015-08-26,1.7552734435475337
2015-08-27,-0.6033338970727442
2015-08-28,2.7737685167735115
2015-08-29,-0.8327818344587179
2015-08-30,-0.5764157557661242
2015-08-31,0.4325328305577969
2015-09-01,-0.9766187731434783
2015-09-02,0.3765564556640122
2015-09-03,-1.0525171557937085
2015-09-04,1.2298655479530574
2015-09-05,1.8972578694326891
2015-09-06,1.8986038278857365
2015-09-07,-0.12904293369908615
2015-09-08,1.4235397632374358
2015-09-09,-2.3899575888546742
2015-09-10,-0.0023044138202088504
2015-09-11,0.5492113532206133
2015-09-12,-2.184474141505355
2015-09-13,-2.157626193991913
2015-09-14,-0.07471399836243009
2015-09-15,-0.27948358296621123
2015-09-16,-0.6600490396643899
2015-09-17,0.18139196800275315
2015-09-18,1.2358677111561356
2015-09-19,-0.7701189541674758
2015-09-20,-0.2534187102798846
2015-09-21,-1.9330267367271503
2015-09-22,1.4118588511288443
2015-09-23,-0.2773268420105168
2015-09-24,1.6950638457729816
2015-09-25,0.12991723985695813
2015-09-26,-0.4744674697624518
2015-09-27,-0.8097660274794194
2015-09-28,2.5742872647923853
2015-09-29,-1.1638563212004627
2015-09-30,-0.3972209367533175
2015-10-01,0.49682705544471517
2015-10-02,-0.23978704442475518
2015-10-03,0.4717896113768383
2015-10-04,-0.32944905965806015
2015-10-05,0.7555507053585764
2015-10-06,2.203451787457489
2015-10-07,-1.3973406835405378
2015-10-08,-0.40603302101080985
2015-10-09,0.5372626928927815
2015-10-10,0.28123135656459297
2015-10-11,0.7253785037390159
2015-10-12,-0.839583007203526
2015-10-13,1.565677199430926
2015-10-14,0.8574837461410745
2015-10-15,0.788828512118922
2015-10-16,3.174278750220161
2015-10-17,2.781418406748326
2015-10-18,-3.5128209718431336
2015-10-19,0.5513664189682466
2015-10-20,2.129721124883499
2015-10-21,-1.323241293254096
2015-10-22,2.7374096440282436
2015-10-23,0.7664649554492087
2015-10-24,1.716334472056058
2015-10-25,0.5847847902108683
2015-10-26,0.4374768112414884
2015-10-27,2.799755343488375
2015-10-28,3.4880539783705977
2015-10-29,2.8552929727774234
2015-10-30,4.280862207211467
2015-10-31,-4.445755328435563
2015-11-01,3.3909364814887155
2015-11-02,10.293126652081686
2015-11-03,10.924976205378023
2015-11-04,1.8671700471217356
2015-11-05,-6.452765141535544
2015-11-06,-3.2561992356927583
2015-11-07,3.0253954235015534
2015-11-08,-3.5840352874839887
2015-11-09,1.6963119736790766
2015-11-10,-12.262124574509325
2015-11-11,-8.080230557064638
2015-11-12,8.21128715048971
2015-11-13,-0.546545678965682
2015-11-14,-1.2809141750735442
2015-11-15,-4.034025148846698
2015-11-16,3.120665224074415
2015-11-17,1.172559335300427
2015-11-18,-0.28248120778426866
2015-11-19,-2.6871229801060714
2015-11-20,-1.405404650679909
2015-11-21,1.3797403498231553
2015-11-22,-0.8660038173745832
2015-11-23,-0.5921436853815187
2015-11-24,-1.0649623584106926
2015-11-25,2.3857105684276014
2015-11-26,7.061137338635248
2015-11-27,1.3758200438524604
2015-11-28,-0.3167433885797877
2015-11-29,3.6872114833207625
2015-11-30,1.4782472701860172
2015-12-01,-4.142456455334109
2015-12-02,-1.0467842434348285
2015-12-03,0.3842538638304305
2015-12-04,0.4581900654502924
2015-12-05,6.722173421228739
2015-12-06,-0.17465532713831777
2015-12-07,1.5900883082789363
2015-12-08,4.807273409355872
2015-12-09,0.3481573082097178
2015-12-10,-0.6322952955181371
2015-12-11,8.279326463535597
2015-12-12,-3.952545132476626
2015-12-13,-0.4178916824412404
2015-12-14,2.2434903099654235
2015-12-15,4.517348640552932
2015-12-16,-2.389481921863279
2015-12-17,0.11918905736658658
2015-12-18,1.5073132833356873
2015-12-19,-0.41146499319593133
2015-12-20,-4.472277862412266
2015-12-21,-1.0501312897869042
2015-12-22,-0.6043109947066583
2015-12-23,1.1943792558175126
2015-12-24,2.672807555522727
2015-12-25,0.01475381489619565
2015-12-26,-8.930817018833448
2015-12-27,1.1890967561375199
2015-12-28,-0.2607064588883823
2015-12-29,2.37126260311058
2015-12-30,-1.6124425203540405
2015-12-31,0.7889605791506327
2016-01-01,0.7391314427276363
2016-01-02,-0.33847514357683295
2016-01-03,-0.925760989217217
2016-01-04,0.5817486701872987
2016-01-05,-0.3934534706742099
2016-01-06,-0.7950932567918123
2016-01-07,6.395269053610164
2016-01-08,-1.1893874847205055
2016-01-09,-1.3794843214830266
2016-01-10,-0.0471028621559455
2016-01-11,-0.03446141071119513
2016-01-12,-3.0136797560531114
2016-01-13,-0.8966596636688529
2016-01-14,-0.6107068940703009
2016-01-15,-16.77534360796633
2016-01-16,6.042636693651815
2016-01-17,-1.4925351907965734
2016-01-18,1.1336020325950713
2016-01-19,-1.9615089830072208
2016-01-20,9.891932931662328
2016-01-21,-2.532587346096804
2016-01-22,-7.1407845240853085
2016-01-23,1.1665235469137336
2016-01-24,3.785237305889577
2016-01-25,-2.962160101805189
2016-01-26,-0.023017190442065072
2016-01-27,0.5843098813723024
2016-01-28,-3.9202974967646576
2016-01-29,-0.3465043931361045
2016-01-30,-0.4537127268823937
2016-01-31,-2.6723211421649573
2016-02-01,1.0243907303590483
2016-02-02,0.24047637163198132
2016-02-03,-1.3407394952676732
2016-02-04,5.042035322786909
2016-02-05,-0.9166119183665167
2016-02-06,-2.760181174485865
2016-02-07,-0.10594091174835896
2016-02-08,-0.978027002757198
2016-02-09,0.5570545809170824
2016-02-10,1.3515426681998122
2016-02-11,-0.6560644548922134
2016-02-12,1.0747294684866127
2016-02-13,1.8257749690079983
2016-02-14,3.715393679715806
2016-02-15,-1.8770860097006903
2016-02-16,1.6764935671010228
2016-02-17,2.0127846227580015
2016-02-18,1.3110167944289763
2016-02-19,-0.5086384078991202
2016-02-20,3.686676016892765
2016-02-21,0.24111350656310648
2016-02-22,-0.37154407872064255
2016-02-23,-4.095746018973845
2016-02-24,0.8658077941124276
2016-02-25,-0.22872134944043054
2016-02-26,1.6442099354391004
2016-02-27,-0.047074283635062386
2016-02-28,0.09551026862011369
2016-02-29,0.8306220382942264
2016-03-01,-0.7217783141015843
2016-03-02,-2.72408042658725
2016-03-03,-0.6849214588981134
2016-03-04,-2.70528170805564
2016-03-05,-2.6875853471249656
2016-03-06,1.6340599105046927
2016-03-07,1.4772658697403074
2016-03-08,-0.21623991619259542
2016-03-09,0.08231456722898045
2016-03-10,0.41396404027356226
2016-03-11,0.9550472082932693
2016-03-12,-2.5479789436037237
2016-03-13,0.4593047317832166
2016-03-14,0.43949598004138224
2016-03-15,-0.03787610526648777
2016-03-16,-0.088549585310016
2016-03-17,0.7299997543943171
2016-03-18,-2.7997704057331596
2016-03-19,0.08657476919378126
2016-03-20,0.6714891018362756
2016-03-21,-0.24029790610837765
2016-03-22,1.0183997250835297
2016-03-23,-0.1434455426280401
2016-03-24,-0.5267151709952955
2016-03-25,0.055900872381275946
2016-03-26,0.05196347770164422
2016-03-27,1.956405150851026
2016-03-28,-0.7275086732235536
2016-03-29,-1.9672864526198985
2016-03-30,-0.5409414575752614
2016-03-31,0.32814376286394165
2016-04-01,0.16299430956001615
2016-04-02,0.5625747285828098
2016-04-03,-0.12459631785066705
2016-04-04,-0.0037479910932169958
2016-04-05,0.47976633968396243
2016-04-06,-0.2775786586471263
2016-04-07,-0.2898530769448904
2016-04-08,-0.7003463365114371
2016-04-09,-0.3553575417326371
2016-04-10,0.380059108931885
2016-04-11,0.08579889498152582
2016-04-12,0.5067289429339539
2016-04-13,-0.4749843790284203
2016-04-14,-0.0027192433075917677
2016-04-15,1.1399583727626172
2016-04-16,0.06773319452673121
2016-04-17,-0.8716194796189569
2016-04-18,0.1465489073105175
2016-04-19,1.4692745139846863
2016-04-20,1.2091490992131249
2016-04-21,1.672274000599483
2016-04-22,-0.9559500691388223
2016-04-23,0.8825360187982412
2016-04-24,1.688651220254922
2016-04-25,0.4921827556813696
2016-04-26,0.8735265874464382
2016-04-27,-4.8325520528730515
2016-04-28,0.8357034815382747
2016-04-29,1.2143563089836995
2016-04-30,-1.6327393804209223
2016-05-01,0.6583175308432665
2016-05-02,-1.7395024281096738
2016-05-03,1.1273047988940021
2016-05-04,-0.930606574281434
2016-05-05,0.14836148502528346
2016-05-06,2.4303746669114723
2016-05-07,-0.3643868331626443
2016-05-08,-0.129347528532886
2016-05-09,0.28913270448418515
2016-05-10,-2.236110107637579
2016-05-11,0.27373937544936666
2016-05-12,0.3171854172473232
2016-05-13,0.06662803532151429
2016-05-14,-0.131748768006279
2016-05-15,0.28348258784598457
2016-05-16,-0.8788971345517815
2016-05-17,-0.21566958185923468
2016-05-18,0.05209613296921489
2016-05-19,-3.6929318857654714
2016-05-20,0.7668491917545595
2016-05-21,-0.016371190240072053
2016-05-22,-1.007876243900352
2016-05-23,0.9619065862566778
2016-05-24,0.2783093622018562
2016-05-25,0.6760119095415185
2016-05-26,0.706375142726845
2016-05-27,4.201677222110067
2016-05-28,11.155694564844953
2016-05-29,-0.8528039062947634
2016-05-30,1.3077493979715804
2016-05-31,-0.5972119550236243
2016-06-01,0.9040783229434801
2016-06-02,0.06377794580050278
2016-06-03,5.509515498909856
2016-06-04,0.48682428106170406
2016-06-05,0.2601245863639967
2016-06-06,1.687970023422647
2016-06-07,-1.6705427998815026
2016-06-08,0.7397142731905504
2016-06-09,-1.34535964705913
2016-06-10,0.3610447535607797
2016-06-11,4.810284703235812
2016-06-12,10.202577116275524
2016-06-13,4.456831832134611
2016-06-14,-2.8397307542286754
2016-06-15,1.1593291030776776
2016-06-16,9.711700888809993
2016-06-17,-2.42863106011173
2016-06-18,0.8404475042006254
2016-06-19,0.8619893618451613
2016-06-20,-3.6706225704465467
2016-06-21,-10.194600551354505
2016-06-22,-11.315244206425401
2016-06-23,4.43585357808729
2016-06-24,6.280345745003046
2016-06-25,-0.15842466899123053
2016-06-26,-5.657703613032439
2016-06-27,3.9020841945253792
2016-06-28,-1.4026859053156926
2016-06-29,-1.2371125209382328
2016-06-30,4.962996998666913
2016-07-01,0.3065339265679867
2016-07-02,3.84044973926958
2016-07-03,-6.746109609854933
2016-07-04,3.593045078727286
2016-07-05,-2.0570138897963552
2016-07-06,0.8627318169826204
2016-07-07,-5.713376226195166
2016-07-08,3.8409097899598343
2016-07-09,-2.49460637051353
2016-07-10,-0.378062106107091
2016-07-11,-0.39425527107885827
2016-07-12,2.4427714041031834
2016-07-13,-1.660857493500334
2016-07-14,0.41811202429693495
2016-07-15,0.6516438388544543
2016-07-16,-0.5077844708763379
2016-07-17,2.6575914386100408
2016-07-18,-1.071365330604035
2016-07-19,-0.1679229305522334
2016-07-20,-1.2046298105128805
2016-07-21,-0.23310912422003227
2016-07-22,-2.320050645367111
2016-07-23,0.6239899946955951
2016-07-24,0.7381463701101154
2016-07-25,-1.2248866669942515
2016-07-26,-0.4862052722698351
2016-07-27,0.26125730306940653
2016-07-28,-0.02764197842086702
2016-07-29,0.16635894025078812
2016-07-30,-0.4284495038665348
2016-07-31,-4.8785447226507905
2016-08-01,-3.1232113561690866
2016-08-02,-10.334973420387605
2016-08-03,3.2602843010928417
2016-08-04,1.9533059849170975
2016-08-05,-0.6948504653816023
2016-08-06,2.0584848120880572
2016-08-07,0.7002518675279568
2016-08-08,-0.4083720589398432
2016-08-09,-0.6838543427213573
2016-08-10,0.5972523165989507
2016-08-11,-0.6370393474018243
2016-08-12,-0.3972818327118155
2016-08-13,-0.46798407419901267
2016-08-14,-2.747024247811236
2016-08-15,-0.7003034084412718
2016-08-16,1.6500745737820566
2016-08-17,-0.8659869745614834
2016-08-18,0.060099217172737696
2016-08-19,0.0962232871656532
2016-08-20,0.9164998061676144
2016-08-21,-0.1988653042251265
2016-08-22,0.800359269310924
2016-08-23,-0.7024831841691892
2016-08-24,-0.6876502397755502
2016-08-25,-0.5501225330053927
2016-08-26,0.19463044789773676
2016-08-27,-1.8202419047027796
2016-08-28,0.5613009783385081
2016-08-29,-0.09799024128360756
2016-08-30,0.4578209568553149
2016-08-31,-0.4842704605884762
2016-09-01,-0.6841644276309289
2016-09-02,0.43153312770334296
2016-09-03,3.7322037776975847
2016-09-04,1.5952260735217827
2016-09-05,-0.46835328452292657
2016-09-06,0.5000628680048358
2016-09-07,0.5387495331375725
2016-09-08,1.765483203034357
2016-09-09,-0.6851216583509512
2016-09-10,-0.027989256575811083
2016-09-11,-2.8617044073387277
2016-09-12,0.11890692893361532
2016-09-13,0.03198931418255668
2016-09-14,0.10460781924539475
2016-09-15,-0.7115144721113076
2016-09-16,-0.16194457082896463
2016-09-17,-0.29503792494631753
2016-09-18,0.5079188487096431
2016-09-19,-0.23811240694504576
2016-09-20,-0.28226269363926804
2016-09-21,-1.9840916903522299
2016-09-22,-0.27457743385790323
2016-09-23,0.959497726532188
2016-09-24,-0.16796240545691177
2016-09-25,-0.4309387084536098
2016-09-26,1.0620664867432517
2016-09-27,-0.44113812203772085
2016-09-28,-0.3694717164494321
2016-09-29,0.02747995683956006
2016-09-30,0.5331535952445066
2016-10-01,0.5623150210338324
2016-10-02,-0.6366593064426773
2016-10-03,0.07097098757542497
2016-10-04,-0.44759089164241317
2016-10-05,0.24539544264259305
2016-10-06,-0.04873232072757361
2016-10-07,0.5346251458809625
2016-10-08,0.18949860817460973
2016-10-09,-0.5132295537413789
2016-10-10,0.2308957578300408
2016-10-11,3.3726568245981525
2016-10-12,-0.8961008762878642
2016-10-13,-0.038639524895778266
2016-10-14,0.43053154697787477
2016-10-15,-0.4027939187958296
2016-10-16,0.33434082209753413
2016-10-17,-0.512654147992464
2016-10-18,-0.3250443424950511
2016-10-19,-1.305034397493987
2016-10-20,-0.07853336094907348
2016-10-21,0.17998331402280243
2016-10-22,3.661311792843147
2016-10-23,-0.16589923522856154
2016-10-24,-0.6369865578319533
2016-10-25,0.4517163564327298
2016-10-26,2.9697343266327003
2016-10-27,1.332843971515274
2016-10-28,0.0622383820475747
2016-10-29,3.404830646215551
2016-10-30,-1.913356949275169
2016-10-31,-0.25913816517473265
2016-11-01,3.8973420583175766
2016-11-02,1.3689197838114175
2016-11-03,-7.428365228944145
2016-11-04,1.9565685682516154
2016-11-05,-0.10593755366858915
2016-11-06,1.0135316351749246
2016-11-07,-1.318273772427414
2016-11-08,0.8188071136725483
2016-11-09,1.7416233362474998
2016-11-10,-1.207727693147742
2016-11-11,-0.009470350745655054
2016-11-12,-1.7299251949128625
2016-11-13,-0.5616478349412368
2016-11-14,0.2930382307693158
2016-11-15,0.7995467027465786
2016-11-16,4.344481311912851
2016-11-17,-0.5657184808216087
2016-11-18,1.2895136498300985
2016-11-19,-0.12783777027536303
2016-11-20,-2.909619490590565
2016-11-21,0.9864775147721438
2016-11-22,1.4914510562224592
2016-11-23,-1.0348110798601873
2016-11-24,-0.7118073855893137
2016-11-25,0.051578435826993285
2016-11-26,-0.9805580473263298
2016-11-27,-0.58814584608049
2016-11-28,0.3828073279922073
2016-11-29,-0.16036894824029702
2016-11-30,1.2299710546996856
2016-12-01,1.3433736610318547
2016-12-02,2.62702278785083
2016-12-03,-1.0084705089343338
2016-12-04,0.21974374495856708
2016-12-05,-2.111966960469136
2016-12-06,0.59348493865512
2016-12-07,0.378104872397067
2016-12-08,0.21606578395072518
2016-12-09,0.12509894711110192
2016-12-10,0.10791880385463415
2016-12-11,-0.7689850139346532
2016-12-12,1.2044662557327612
2016-12-13,-0.07185257707531534
2016-12-14,-0.013529539406142987
2016-12-15,-0.567084663938644
2016-12-16,0.7405941580531206
2016-12-17,0.619688857239975
2016-12-18,-0.16977235766040266
2016-12-19,0.14392128276403682
2016-12-20,0.892398122072624
2016-12-21,3.954455294835846
2016-12-22,3.4307634255054786
2016-12-23,6.301070038906165
2016-12-24,-2.6762469177719517
2016-12-25,-0.42600571408213384
2016-12-26,1.1350509294718591
2016-12-27,2.648300930059655
2016-12-28,4.34446358260967
2016-12-29,-0.3806539667677633
2016-12-30,-1.3992371380191493
2016-12-31,0.1282998878051167
2017-01-01,3.3934614218265047
2017-01-02,2.1873604802595814
2017-01-03,2.0069713990939597
2017-01-04,9.964071441891775
2017-01-05,-13.189488117181103
2017-01-06,-11.752887200726647
2017-01-07,0.5731516716999785
2017-01-08,0.155318754271061
2017-01-09,-1.0548855297849435
2017-01-10,0.40391164782631606
2017-01-11,-15.579627988990818
2017-01-12,3.2902234203808334
2017-01-13,2.219546653863258
2017-01-14,-0.8104891950464044
2017-01-15,0.2809098091956841
2017-01-16,1.0457962151963152
2017-01-17,8.658426696708954
2017-01-18,-2.5081509332721907
2017-01-19,1.2630396619304207
2017-01-20,-0.5831091927162468
2017-01-21,2.814394859369518
2017-01-22,0.18041535399309083
2017-01-23,-0.5286672332121434
2017-01-24,-3.255669363340985
2017-01-25,0.8550962453874433
2017-01-26,1.632005418586413
2017-01-27,0.10359562621164997
2017-01-28,0.06789435307075209
2017-01-29,-0.35944360969919487
2017-01-30,-0.03564719120658921
2017-01-31,5.160301197322514
2017-02-01,1.768650198877797
2017-02-02,2.1448961446115966
2017-02-03,1.6420911345977451
2017-02-04,1.1214233771632998
2017-02-05,-1.6352044136556998
2017-02-06,0.914777144630996
2017-02-07,2.0781722401653546
2017-02-08,0.029960751283919507
2017-02-09,-6.811336793173428
2017-02-10,-0.7077407949427794
2017-02-11,1.4511125589474538
2017-02-12,-0.657907625753662
2017-02-13,-0.9902357647333382
2017-02-14,1.2622069176931205
2017-02-15,0.1592845435421708
2017-02-16,1.8298439541900358
2017-02-17,1.6784227666506446
2017-02-18,0.6497190610522452
2017-02-19,-0.7550997466814202
2017-02-20,2.886334580497163
2017-02-21,3.0861335624214448
2017-02-22,0.05972007415877556
2017-02-23,4.183643479127319
2017-02-24,0.46281588413643604
2017-02-25,-2.7072795270306926
2017-02-26,1.7182080229820151
2017-02-27,1.127665458621152
2017-02-28,-0.1319630813085837
2017-03-01,3.4089321956725094
2017-03-02,2.1733659684157303
2017-03-03,1.766746410578346
2017-03-04,-1.7002851791054319
2017-03-05,0.8171867300434954
2017-03-06,0.31764975880648194
2017-03-07,-4.081403574722131
2017-03-08,-6.330601682349712
2017-03-09,3.160201241044991
2017-03-10,-6.360742542416986
2017-03-11,5.025882202925391
2017-03-12,3.6687496375539475
2017-03-13,0.7272961778570952
2017-03-14,0.5217785193627478
2017-03-15,0.6400480479644699
2017-03-16,-5.203979690360683
2017-03-17,-7.791172452725359
2017-03-18,-12.336972005381597
2017-03-19,6.129239247405405
2017-03-20,1.5409828141200066
2017-03-21,5.968049191227998
2017-03-22,-6.715958273418554
2017-03-23,-1.1426434596859103
2017-03-24,-10.37007891381636
2017-03-25,3.559917267846213
2017-03-26,-0.7562501028906432
2017-03-27,7.727507797369082
2017-03-28,-8.942595348671034e-05
2017-03-29,-0.8200003817747437
2017-03-30,-1.44246546345137
2017-03-31,4.192373897807666
2017-04-01,0.677408176949168
2017-04-02,1.8537475899619515
2017-04-03,3.5764211984285588
2017-04-04,-1.0594866449144646
2017-04-05,-0.8821754627800438
2017-04-06,4.887597725023607
2017-04-07,-0.6218842254654078
2017-04-08,-0.21272244154690867
2017-04-09,0.87658623762632
2017-04-10,-0.19427805043035207
2017-04-11,1.3629609412861399
2017-04-12,-0.5177666046064289
2017-04-13,-2.7561269524730925
2017-04-14,-0.28088259629388546
2017-04-15,0.2936659933447494
2017-04-16,0.7527889432756396
2017-04-17,0.7911217394828363
2017-04-18,1.3446314927153757
2017-04-19,-0.24592078373633086
2017-04-20,1.4086222880354882
2017-04-21,-0.7055700697321754
2017-04-22,0.6553968866793269
2017-04-23,-2.1411167180432678
2017-04-24,3.3632053119537098
2017-04-25,1.0876196783156544
2017-04-26,1.0924415818241329
2017-04-27,2.6887475746068645
2017-04-28,-0.2268682037064984
2017-04-29,0.2705784117736698
2017-04-30,1.8233878703908246
2017-05-01,5.1922932217314255
2017-05-02,2.0403846822092397
2017-05-03,2.4010408746843126
2017-05-04,3.011218357822454
2017-05-05,1.017691835798562
2017-05-06,1.3580603478692055
2017-05-07,0.9960511249799353
2017-05-08,7.500518820882451
2017-05-09,1.7084268110266088
2017-05-10,1.6617397330079164
2017-05-11,3.2481723465898504
2017-05-12,-7.094560095160851
2017-05-13,4.440474914415216
2017-05-14,0.08940940309090095
2017-05-15,-4.106166568455816
2017-05-16,-0.36117366595336264
2017-05-17,5.72609025585864
2017-05-18,2.527180476664359
2017-05-19,4.980127081653762
2017-05-20,4.633650759066654
2017-05-21,-2.242112562047538
2017-05-22,6.1435239614652914
2017-05-23,6.413582258051864
2017-05-24,5.04208860701052
2017-05-25,-5.973632665613593
2017-05-26,-4.6834901625739
2017-05-27,-7.8480620726905315
2017-05-28,5.444654578055275
2017-05-29,4.393895614742149
2017-05-30,-3.749540510538907
2017-05-31,4.841851293501076
2017-06-01,5.0444149405018734
2017-06-02,3.1633956698355448
2017-06-03,0.9392135729232365
2017-06-04,-0.27279963863344747
2017-06-05,6.6031375168180695
2017-06-06,6.226559449167546
2017-06-07,-4.816702125058558
2017-06-08,2.5212486395632006
2017-06-09,0.5142836663904582
2017-06-10,4.162189598169697
2017-06-11,0.22023719281811793
2017-06-12,-10.76832467006561
2017-06-13,2.0029096539830427
2017-06-14,-8.201979149704552
2017-06-15,-1.8133729513731822
2017-06-16,2.034626279508256
2017-06-17,5.176904204458044
2017-06-18,-4.267307524082042
2017-06-19,1.4761269208663386
2017-06-20,4.846667429593765
2017-06-21,-1.3402795806179313
2017-06-22,0.4727207220364349
2017-06-23,1.3175185215950513
2017-06-24,-5.220821797997477
2017-06-25,-0.8749282574325612
2017-06-26,-4.511630232231134
2017-06-27,2.8100687201344066
2017-06-28,0.739469865370701
2017-06-29,-1.519126780331792
2017-06-30,-2.4618738453071387
2017-07-01,-2.0154924161778887
2017-07-02,2.7793791683086155
2017-07-03,2.1396954679135938
2017-07-04,1.323038073115601
2017-07-05,-0.11850717976820135
2017-07-06,0.12022034576730789
2017-07-07,-3.6391019047356643
2017-07-08,1.9380588002222865
2017-07-09,-2.2107189847831776
2017-07-10,-6.098970410508375
2017-07-11,-1.6083141104727972
2017-07-12,2.445963763741421
2017-07-13,-1.8533603651004427
2017-07-14,-5.559271963845358
2017-07-15,-11.224088224616935
2017-07-16,-3.64699350462665
2017-07-17,14.254194993848035
2017-07-18,3.8476341904554623
2017-07-19,-2.111421656037038
2017-07-20,21.327618839755846
2017-07-21,-5.5965951586961715
2017-07-22,5.066842530373972
2017-07-23,-3.009877673113337
2017-07-24,0.7598949953171896
2017-07-25,-6.826217571646875
2017-07-26,-1.9741881021724694
2017-07-27,5.342342860921878
2017-07-28,4.87675528443603
2017-07-29,-3.1151363613624916
2017-07-30,0.9888383883541962
2017-07-31,4.06429344064092
2017-08-01,-5.74986161876927
2017-08-02,-0.4115796146394679
2017-08-03,3.279183189469226
2017-08-04,3.06655517754697
2017-08-05,11.49378692251144
2017-08-06,-1.3372003549489975
2017-08-07,4.874482210392195
2017-08-08,1.0741325614034736
2017-08-09,-2.4232574870309165
2017-08-10,1.0224668012282834
2017-08-11,7.532307277449846
2017-08-12,6.083164580655165
2017-08-13,4.607570832100727
2017-08-14,5.867887579048414
2017-08-15,-3.498889695691254
2017-08-16,4.418645976462798
2017-08-17,-1.164087331673791
2017-08-18,-4.1613253588888455
2017-08-19,0.6599685127348209
2017-08-20,-2.6930418862264105
2017-08-21,-2.2563024405322096
2017-08-22,2.306490479195844
2017-08-23,1.1041106436172399
2017-08-24,4.18536625358783
2017-08-25,0.7161636048342856
2017-08-26,-0.5721333314870236
2017-08-27,0.5658990345974502
2017-08-28,-0.13697649888619878
2017-08-29,4.250949324292996
2017-08-30,-0.43204499889846204
2017-08-31,2.8479737051060994
2017-09-01,3.80000288687814
2017-09-02,-6.74924375085606
2017-09-03,-0.04049691264196298
2017-09-04,-7.9972078730888185
2017-09-05,3.124387191625111
2017-09-06,4.785429127313456
2017-09-07,-0.07194860467851782
2017-09-08,-8.544338042235289
2017-09-09,-0.1955941144924367
2017-09-10,-2.6023274697104526
2017-09-11,0.7934203127240025
2017-09-12,-0.8666423815009594
2017-09-13,-6.329067929915233
2017-09-14,-20.884947763195782
2017-09-15,14.100987279019606
2017-09-16,-0.47564334424947674
2017-09-17,-1.3018050750588372
2017-09-18,12.497638589038296
2017-09-19,-3.6423860654482
2017-09-20,-0.6177312189572959
2017-09-21,-7.430153048700383
2017-09-22,-0.14132964886215404
2017-09-23,4.225395379517671
2017-09-24,-3.0634451585580535
2017-09-25,6.263509460749717
2017-09-26,-0.9945460345022639
2017-09-27,7.49112735376638
2017-09-28,-0.7513967716686665
2017-09-29,-0.41165710429940106
2017-09-30,4.000468844530403
2017-10-01,1.3557542384578625
2017-10-02,-0.005342122138252137
2017-10-03,-2.236817931154711
2017-10-04,-2.194087595829153
2017-10-05,2.18300252721928
2017-10-06,0.8428424081213137
2017-10-07,1.1429345957159498
2017-10-08,3.9315001215531
2017-10-09,3.311809979443048
2017-10-10,0.07674966230499791
2017-10-11,0.7940961777952893
2017-10-12,11.961145381955163
2017-10-13,3.479347606199923
2017-10-14,3.0842750743218517
2017-10-15,-2.8011113680253885
2017-10-16,0.699343313740286
2017-10-17,-2.251520366163895
2017-10-18,-0.3966927799838871
2017-10-19,1.9537464509976843
2017-10-20,5.0386586586697035
2017-10-21,0.2026684390534328
2017-10-22,-0.517015670653187
2017-10-23,-1.4403291806825536
2017-10-24,-7.181771495111278
2017-10-25,3.8439250115487766
2017-10-26,2.511210088715643
2017-10-27,-2.2530941104470514
2017-10-28,-0.6141919214284641
2017-10-29,6.6021212656901085
2017-10-30,-0.5116377695962626
2017-10-31,5.232796561272757
2017-11-01,4.38552769730709
2017-11-02,4.363871462895652
2017-11-03,1.6776539231759813
2017-11-04,2.2289068276620583
2017-11-05,0.23943508373349687
2017-11-06,-5.4644232661305026
2017-11-07,1.5850116643933987
2017-11-08,4.186820247846157
2017-11-09,-4.461941916196999
2017-11-10,-7.771930864076637
2017-11-11,-4.148305216987147
2017-11-12,-6.756763916597386
2017-11-13,9.619030629743541
2017-11-14,1.0239175746269424
2017-11-15,9.620952886858447
2017-11-16,7.1952282633500175
2017-11-17,-2.220519156872669
2017-11-18,0.9153261110046884
2017-11-19,2.9812716437149334
2017-11-20,1.8900076454473336
2017-11-21,-1.7222213062984437
2017-11-22,2.101418146092904
2017-11-23,-2.7686929129648874
2017-11-24,2.5064705481723237
2017-11-25,6.173930577412889
2017-11-26,5.825494927649544
2017-11-27,4.963947139640901
2017-11-28,2.287517900868785
2017-11-29,-1.8383859355123988
2017-11-30,3.297312993022139
2017-12-01,6.867857472076544
2017-12-02,0.7659940231755868
2017-12-03,2.087994214986999
2017-12-04,2.7750665216837334
2017-12-05,2.0697131629335175
2017-12-06,18.040453006872248
2017-12-07,22.379932352824206
2017-12-08,-7.854589575697624
2017-12-09,-8.9017074423408
2017-12-10,1.6778650572597087
2017-12-11,9.021070257166208
2017-12-12,2.6546448376141285
2017-12-13,-6.089336324385819
2017-12-14,0.813087261182055
2017-12-15,6.540311968828938
2017-12-16,9.500709638362892
2017-12-17,-1.977855094404113
2017-12-18,-0.2710380612469976
2017-12-19,-7.386253715229785
2017-12-20,-6.832469531966012
2017-12-21,-5.20096412052844
2017-12-22,-13.45428480952453
2017-12-23,5.950317807833905
2017-12-24,-5.536949386917556
2017-12-25,0.5892647470117751
2017-12-26,13.653170755909727
2017-12-27,-1.7682783302193528
2017-12-28,-8.229668062644002
2017-12-29,0.20772015208727623
2017-12-30,-12.491742529999783
2017-12-31,8.758154246786631
2018-01-01,-3.7219607665500476
2018-01-02,9.126962889905599
2018-01-03,1.3185455241883304
2018-01-04,2.4538797434946247
2018-01-05,10.96248987242081
2018-01-06,0.4258745330744773
2018-01-07,-6.306032080241941
2018-01-08,-8.399513036793138
2018-01-09,-3.993955301974239
2018-01-10,2.4242533822437906
2018-01-11,-11.190079822670818
2018-01-12,4.06635610239352
2018-01-13,2.5470247488438957
2018-01-14,-4.314259003746024
2018-01-15,0.21451560326131158
2018-01-16,-18.59013561202385
2018-01-17,-2.7944869950847107
2018-01-18,2.394707666323015
2018-01-19,1.0161153241931231
2018-01-20,10.42028188606725
2018-01-21,-10.74712548047021
2018-01-22,-6.069389835185035
2018-01-23,-0.7099516236738879
2018-01-24,4.286646644334979
2018-01-25,-1.0161890180638622
2018-01-26,-0.9166024915641557
2018-01-27,2.250058323507531
2018-01-28,2.84410026733255
2018-01-29,-4.377332879369256
2018-01-30,-11.264478384275378
2018-01-31,0.9975569608231538
2018-02-01,-10.977762720181339
2018-02-02,-3.9075858563210275
2018-02-03,3.6913022124062778
2018-02-04,-10.431046871809002
2018-02-05,-17.53017461443349
2018-02-06,10.738956001354616
2018-02-07,-1.8581536867069204
2018-02-08,7.9834531173615275
2018-02-09,5.414391985480016
2018-02-10,-1.4578753335673156
2018-02-11,-6.006789419768488
2018-02-12,9.215536681204206
2018-02-13,-3.8786266033236316
2018-02-14,9.78411101244312
2018-02-15,6.704220941846373
2018-02-16,0.5297942825185586
2018-02-17,8.106320803640266
2018-02-18,-5.311180384437364
2018-02-19,6.0554068144021755
2018-02-20,1.4448108529553139
2018-02-21,-6.591133306099728
2018-02-22,-6.7580841801895275
2018-02-23,2.7846048880306284
2018-02-24,-4.9855076103499485
2018-02-25,-1.655160833159286
2018-02-26,6.879590905311339
2018-02-27,3.271497528588796
2018-02-28,-3.2349101449550943
2018-03-01,5.050724523166039
2018-03-02,1.0968760018883472
2018-03-03,3.4412200919470948
2018-03-04,0.06714241528911202
2018-03-05,0.39390194222210795
2018-03-06,-7.233700963612044
2018-03-07,-7.986677246192642
2018-03-08,-6.0277142086578195
2018-03-09,-0.745441884709841
2018-03-10,-5.313977877027476
2018-03-11,7.599119612313743
2018-03-12,-4.109433034815169
2018-03-13,-0.24359923106072046
2018-03-14,-10.735165083348974
2018-03-15,0.24280532261347076
2018-03-16,0.3186511165580441
2018-03-17,-5.318776502141276
2018-03-18,3.6700954621178283
2018-03-19,4.698247591208116
2018-03-20,3.0924088057787458
2018-03-21,0.04525793017293722
2018-03-22,-2.406536054082231
2018-03-23,1.5849080246880476
2018-03-24,-2.5426466184441665
2018-03-25,-2.1401970123930525
2018-03-26,-3.5609345855290186
2018-03-27,-4.824882762245153
2018-03-28,1.4064968732217409
2018-03-29,-10.574913941408859
2018-03-30,-4.047885500627402
2018-03-31,1.0655334475892175
2018-04-01,-2.0035194122497657
2018-04-02,3.3084869810398487
2018-04-03,4.990372203039328
2018-04-04,-8.554438662014086
2018-04-05,-0.7520699723391644
2018-04-06,-2.7370051754424196
2018-04-07,3.9250147822016856
2018-04-08,1.4817543702356772
2018-04-09,-3.7975243579539963
2018-04-10,0.8092784185469881
2018-04-11,1.8033184801064195
2018-04-12,12.280730499729664
2018-04-13,-0.04694728033722839
2018-04-14,1.0049228000692523
2018-04-15,4.071692900052248
2018-04-16,-3.4327759954525305
2018-04-17,-2.094088994137344
2018-04-18,3.1216296761860107
2018-04-19,1.458686567654155
2018-04-20,6.305685381740389
2018-04-21,0.42887317650528445
2018-04-22,-1.1842940323539608
2018-04-23,1.316406689599603
2018-04-24,8.103356837434106
2018-04-25,-9.32517374505899
2018-04-26,4.676857931923095
2018-04-27,-3.3559224119930064
2018-04-28,3.8109552049053974
2018-04-29,0.6203983374410527
2018-04-30,-2.045567182748975
2018-05-01,-1.4559797507677885
2018-05-02,1.1419370563897857
2018-05-03,5.221752707798011
2018-05-04,-0.5752801146648778
2018-05-05,1.4774724251997995
2018-05-06,-2.216301389251818
2018-05-07,-3.094055394107542
2018-05-08,-1.6172732231856557
2018-05-09,0.8417447734165862
2018-05-10,-3.1942897922139224
2018-05-11,-7.02557374097843
2018-05-12,0.6162758970624793
2018-05-13,2.4110138318205188
2018-05-14,-0.21395954399618944
2018-05-15,-2.5284105009280466
2018-05-16,-1.8092112860932374
2018-05-17,-3.467117051872748
2018-05-18,1.7848545825634332
2018-05-19,-0.17790810258411227
2018-05-20,3.043285666845641
2018-05-21,-1.2453507730359803
2018-05-22,-4.71591022112996
2018-05-23,-6.33872902578112
2018-05-24,0.25786518808033065
2018-05-25,-1.5549152401845845
2018-05-26,-1.8071180015246213
2018-05-27,0.03565782372145776
2018-05-28,-3.334479055205364
2018-05-29,4.477098076700514
2018-05-30,-1.0200573164537374
2018-05-31,1.0445047686712172
2018-06-01,0.4969491804919457
2018-06-02,1.2114969549585908
2018-06-03,0.8678018634331153
2018-06-04,-2.8335854052000897
2018-06-05,1.4430330317868112
2018-06-06,0.13256557983503114
2018-06-07,0.18449825061921388
2018-06-08,-0.8288195178732138
2018-06-09,-1.3583498341191103
2018-06-10,-10.561296719394697
2018-06-11,1.6339548982786667
2018-06-12,-4.94501042124682
2018-06-13,-3.7273904319834017
2018-06-14,4.866297181497714
2018-06-15,-3.4641504869098227
2018-06-16,1.3070091929048289
2018-06-17,-0.9119265589745851
2018-06-18,3.428156062637555
2018-06-19,0.38815274406793776
2018-06-20,-0.034375234866956816
2018-06-21,-0.8251180127688329
2018-06-22,-10.224476541616134
2018-06-23,1.154824979755631
2018-06-24,0.042327701391897676
2018-06-25,1.0908453871381951
2018-06-26,-2.651939943057968
2018-06-27,0.9040595387222794
2018-06-28,-4.339514973976044
2018-06-29,5.064167334941594
2018-06-30,2.8106638233213133
2018-07-01,-0.4162546237340692
2018-07-02,3.381634524089172
2018-07-03,-1.4191356325953919
2018-07-04,0.9034577326691107
2018-07-05,0.4964488416517199
2018-07-06,0.38423714982798174
2018-07-07,2.5795754594513554
2018-07-08,-1.350545400584302
2018-07-09,-0.6074117820515923
2018-07-10,-6.4346797866535965
2018-07-11,0.8859081066807661
2018-07-12,-2.760539805368012
2018-07-13,0.016265869475518002
2018-07-14,0.47647407725914803
2018-07-15,1.1900188842332682
2018-07-16,5.702811085212822
2018-07-17,8.11132337671232
2018-07-18,0.5451475384406379
2018-07-19,1.1631407674471461
2018-07-20,-1.6532130975466686
2018-07-21,0.7501695478975279
2018-07-22,-0.14274373277451957
2018-07-23,3.7366933521363777
2018-07-24,8.713501078999286
2018-07-25,-3.057432123030601
2018-07-26,-2.9811049470060524
2018-07-27,2.5167630760437376
2018-07-28,0.1998873089529951
2018-07-29,0.18867816590599773
2018-07-30,-0.5951643432338116
2018-07-31,-5.145757269508344
2018-08-01,-2.1511975506042447
2018-08-02,-0.8923672924343151
2018-08-03,-1.9019577787332764
2018-08-04,-5.6844138405613975
2018-08-05,0.37337873309510883
2018-08-06,-1.7964501161895186
2018-08-07,-3.031558389948863
2018-08-08,-6.98544546608062
2018-08-09,3.9454942200478627
2018-08-10,-6.148390684904825
2018-08-11,1.6471881111277398
2018-08-12,0.2953487711650382
2018-08-13,-0.5300555267700346
2018-08-14,-1.6980937142564656
2018-08-15,1.607896252645702
2018-08-16,0.2826454803082967
2018-08-17,3.6763647395250842
2018-08-18,-2.5446518879439495
2018-08-19,1.1412349900714602
2018-08-20,-3.2152539280527748
2018-08-21,2.6849130546846567
2018-08-22,-1.8738759735779098
2018-08-23,2.3182051255155045
2018-08-24,2.6608599198011618
2018-08-25,0.509283643908276
2018-08-26,-0.9623807497066039
2018-08-27,2.4782745385635963
2018-08-28,2.8958178899829434
2018-08-29,-0.8265582660170523
2018-08-30,-1.1149051613069005
2018-08-31,0.7149441206166784
2018-09-01,2.055908330545364
2018-09-02,0.9667674308936114
2018-09-03,-0.30619208930797726
2018-09-04,1.257773986362487
2018-09-05,-8.173744719055875
2018-09-06,-4.090746887034413
2018-09-07,-1.0876328981904493
2018-09-08,-3.931189368047505
2018-09-09,1.0635622964288771
2018-09-10,0.32471313922783906
2018-09-11,-0.26634088868373595
2018-09-12,0.35094812899760797
2018-09-13,2.4403885741779874
2018-09-14,-0.20257076787348893
2018-09-15,0.3351095232133616
2018-09-16,-0.5304209090024159
2018-09-17,-3.8200348701030507
2018-09-18,1.292279280333375
2018-09-19,0.2946714893127478
2018-09-20,1.7434272918599447
2018-09-21,3.116703493880024
2018-09-22,-0.3247294654785904
2018-09-23,-0.3009563070923704
2018-09-24,-1.8638473406236145
2018-09-25,-2.416087955281121
2018-09-26,0.6180291812251326
2018-09-27,2.6279061274161464
2018-09-28,-0.6217232574829978
2018-09-29,-0.7686802535378234
2018-09-30,0.22487059065898762
2018-10-01,-0.6758834749000187
2018-10-02,-0.6419403458714612
2018-10-03,-0.9515024630543323
2018-10-04,1.0011404487883624
2018-10-05,0.5618718042237347
2018-10-06,-0.6492674661931375
2018-10-07,0.0900042280749247
2018-10-08,0.6115954603428619
2018-10-09,-0.2762269263657302
2018-10-10,-0.9954340941021655
2018-10-11,-5.261501295770898
2018-10-12,0.16075290036976497
2018-10-13,0.04971910516413658
2018-10-14,-0.053407417454742756
2018-10-15,4.611670279244784
2018-10-16,-0.13848452748632667
2018-10-17,-0.918535837017842
2018-10-18,-1.1721304508775177
2018-10-19,-0.30658373783918336
2018-10-20,0.2351622901555217
2018-10-21,-0.23742233076262664
2018-10-22,-0.05778820931858775
2018-10-23,-0.3081570577371906
2018-10-24,0.1779394184678651
2018-10-25,-0.43337572001735936
2018-10-26,-0.15574555847042149
2018-10-27,-0.045049507800243305
2018-10-28,-0.03926066848549681
2018-10-29,-2.5310174283399434
2018-10-30,-0.10606666244417084
2018-10-31,-0.39532577576775196
2018-11-01,0.8159459483261244
2018-11-02,0.035042640917737344
2018-11-03,-0.5583294676723582
2018-11-04,0.10152469528446062
2018-11-05,0.5484238464555702
2018-11-06,0.5100804097279976
2018-11-07,0.932315664438832
2018-11-08,-1.3091292287500167
2018-11-09,-1.1927767137400735
2018-11-10,0.23693756626244067
2018-11-11,-0.09998607157655215
2018-11-12,-0.7578188258291263
2018-11-13,-0.31702333353536005
2018-11-14,-10.409612354482256
2018-11-15,-1.7184586640361488
2018-11-16,-1.4235472407474248
2018-11-17,-0.5132745149785123
2018-11-18,1.1063917155945902
2018-11-19,-14.48811033670001
2018-11-20,-9.139526509919627
2018-11-21,3.1884024652010012
2018-11-22,-5.401404317240299
2018-11-23,-0.5641907825728154
2018-11-24,-11.47998425979928
2018-11-25,3.1433108615631866
2018-11-26,-6.0609590099179655
2018-11-27,0.9625454650825205
2018-11-28,10.690481497928594
2018-11-29,0.3700550447117479
2018-11-30,-6.440092904864336
2018-12-01,4.664990295285065
2018-12-02,-1.9225070441796888
2018-12-03,-6.251542086102013
2018-12-04,1.4669180648004598
2018-12-05,-5.395838161336286
2018-12-06,-6.536624936399349
2018-12-07,-3.0471380028572526
2018-12-08,1.4973382338016705
2018-12-09,3.7645193401361965
2018-12-10,-3.2678133320342084
2018-12-11,-2.3859958477563836
2018-12-12,1.6726641956624988
2018-12-13,-5.228859222123283
2018-12-14,-2.3038185061919236
2018-12-15,-0.3086239305984506
2018-12-16,0.36351964224135
2018-12-17,8.493424572650454
2018-12-18,4.016544398164434
2018-12-19,1.2088668987988882
2018-12-20,9.735716050863985
2018-12-21,-6.058193125316613
2018-12-22,2.8424183857882923
2018-12-23,-0.5113990447986438
2018-12-24,1.8394561202331516
2018-12-25,-6.800392134077171
2018-12-26,0.9577919517576916
2018-12-27,-5.523593034023833
2018-12-28,6.972065525984306
2018-12-29,-2.805304977090728
2018-12-30,1.0531094486387005
2018-12-31,-3.372036677384216
2019-01-01,2.526159413891449
2019-01-02,2.4337435840806165
2019-01-03,-2.874195261927781
2019-01-04,0.4132700801834588
2019-01-05,-0.45711180620191527
2019-01-06,5.712745824182086
2019-01-07,-1.40043313704723
2019-01-08,0.007052395759821195
2019-01-09,-0.02166287787090937
2019-01-10,-9.377891330606758
2019-01-11,0.09721392960049258
2019-01-12,-0.8413315744572714
2019-01-13,-3.1359062603980803
2019-01-14,4.086847077985745
2019-01-15,-2.186819418563246
2019-01-16,0.5359670588459764
2019-01-17,0.5104854767242983
2019-01-18,-0.6969446832817638
2019-01-19,1.7832078245652028
2019-01-20,-3.612859158200088
2019-01-21,-0.8281074716741443
2019-01-22,0.663089974338682
2019-01-23,-0.673130265253441
2019-01-24,0.30618002924232
2019-01-25,-0.16250510826303355
2019-01-26,-0.057136768312027186
2019-01-27,-0.6466742616289878
2019-01-28,-3.3505193962234614
2019-01-29,-0.7775757474156819
2019-01-30,0.9659152157867723
2019-01-31,-0.9496237663428886
2019-02-01,0.7362751720565441
2019-02-02,0.8129847312687843
2019-02-03,-1.7654069047534193
2019-02-04,-0.2723432125627312
2019-02-05,0.07606117118719169
2019-02-06,-1.6607324563178594
2019-02-07,-0.5516214113928442
2019-02-08,7.437430528107036
2019-02-09,-0.011402980664954043
2019-02-10,0.3838269113265014
2019-02-11,-1.2699978975067694
2019-02-12,0.0076679700123705175
2019-02-13,-0.7210174473955888
2019-02-14,-0.5510504396257332
2019-02-15,-0.023366799049640008
2019-02-16,0.11565265317514672
2019-02-17,1.0742632906039162
2019-02-18,6.244175101870297
2019-02-19,0.6662324288825516
2019-02-20,1.195013428541003
2019-02-21,-1.2811521095414946
2019-02-22,1.1597820543386206
2019-02-23,3.2311262049965706
2019-02-24,-8.48841990183793
2019-02-25,1.746881633289199
2019-02-26,-0.8645030092896633
2019-02-27,-0.21789099713434013
2019-02-28,-0.03494469232396824
2019-03-01,-0.007563007237010311
2019-03-02,-0.006864680952922697
2019-03-03,-0.5790637361998918
2019-03-04,-2.3825944909983576
2019-03-05,3.389400120006947
2019-03-06,0.062070794985480404
2019-03-07,0.061033421273393174
2019-03-08,-0.39699055243769266
2019-03-09,1.4494179897761583
2019-03-10,-0.4279581197900839
2019-03-11,-1.312416620793222
2019-03-12,-0.031406066501027396
2019-03-13,-0.19437363367860172
2019-03-14,0.3188526651817014
2019-03-15,0.7948842218612029
2019-03-16,2.0608508103370227
2019-03-17,-0.7140047941735617
2019-03-18,0.048691186728255786
2019-03-19,0.8227407460873692
2019-03-20,0.2672726133146952
2019-03-21,-1.564803260342451
2019-03-22,-0.2650426036286291
2019-03-23,0.16229163180128126
2019-03-24,-0.47096097927088465
2019-03-25,-1.6121626588523341
2019-03-26,0.42188420097168944
2019-03-27,2.3950171348692706
2019-03-28,-0.5723414953118677
2019-03-29,0.5847194989419435
2019-03-30,0.07000187515924239
2019-03-31,-0.1625487980174256
2019-04-01,1.1454367622226513
2019-04-02,15.872234895530823
2019-04-03,1.7587862156423384
2019-04-04,-1.1470092660969655
2019-04-05,2.1550496578225165
2019-04-06,0.3263397824927239
2019-04-07,2.579645933566077
2019-04-08,1.6008841713123445
2019-04-09,-1.748285760100643
2019-04-10,2.139717212082992
2019-04-11,-5.139515610027701
2019-04-12,0.3614632354551617
2019-04-13,0.006408754259545901
2019-04-14,1.2541386802205068
2019-04-15,-2.098131649433199
2019-04-16,3.138377873316145
2019-04-17,0.18037894675977384
2019-04-18,0.7485417293363383
2019-04-19,-0.02959264524520222
2019-04-20,0.5084205224028082
2019-04-21,-0.5704554316723787
2019-04-22,1.4516952544427753
2019-04-23,3.0218047897156097
2019-04-24,-2.0798977389031137
2019-04-25,-4.898054121998108
2019-04-26,1.1804182610072544
2019-04-27,-0.34162389333936005
2019-04-28,0.1873294816629567
2019-04-29,-0.8494909805348172
2019-04-30,1.818905581011343
2019-05-01,0.8346333924109217
2019-05-02,1.7490348941819889
2019-05-03,4.534766516694866
2019-05-04,0.9522005206916262
2019-05-05,-0.7419135853128367
2019-05-06,-0.9792941373246933
2019-05-07,1.29674352054856
2019-05-08,2.4580324500959705
2019-05-09,3.028150250245254
2019-05-10,3.1235488426382574
2019-05-11,12.043618933792644
2019-05-12,-3.410772093529957
2019-05-13,11.275903890991756
2019-05-14,2.1389576812593347
2019-05-15,2.4701265111794157
2019-05-16,-4.113312442012962
2019-05-17,-7.240090807190391
2019-05-18,-1.1266614663703933
2019-05-19,11.86102686149102
2019-05-20,-2.844547684178167
2019-05-21,-0.31991680258798283
2019-05-22,-3.753839435756845
2019-05-23,2.461440204579546
2019-05-24,1.1979884766130766
2019-05-25,0.6806686538009643
2019-05-26,7.293194518027235
2019-05-27,1.3848866942041127
2019-05-28,-1.1112893862131656
2019-05-29,-0.8278982941231305
2019-05-30,-4.137627878081496
2019-05-31,2.887440912182271
2019-06-01,-0.2543231655511846
2019-06-02,1.9359637170056843
2019-06-03,-6.433768949694674
2019-06-04,-6.432110915578804
2019-06-05,1.3676842726850325
2019-06-06,-0.1601871878911254
2019-06-07,2.665749826372199
2019-06-08,-1.254900222683375
2019-06-09,-3.5339954627341186
2019-06-10,3.8492402214505006
2019-06-11,-1.0437603831070064
2019-06-12,2.5825108877466363
2019-06-13,0.9069122632968885
2019-06-14,5.339603413772487
2019-06-15,1.5169480778345346
2019-06-16,1.6189309504607508
2019-06-17,3.4268846708474854
2019-06-18,-2.725178166264186
2019-06-19,1.9575253068552456
2019-06-20,2.5663865451036827
2019-06-21,6.14709558969313
2019-06-22,5.214490344464906
2019-06-23,1.2938554041912909
2019-06-24,1.2924465514807082
2019-06-25,6.7105772318223345
2019-06-26,9.754803190615391
2019-06-27,-15.313930475007353
2019-06-28,10.259048247372604
2019-06-29,-3.8092058516809857
2019-06-30,-10.170146869826091
2019-07-01,-2.319128174175944
2019-07-02,1.9120162836218313
2019-07-03,10.065279233318236
2019-07-04,-6.570234433467093
2019-07-05,-2.2675640600981595
2019-07-06,1.9422151132721055
2019-07-07,2.0067092654214136
2019-07-08,6.907368094291755
2019-07-09,2.183966246737157
2019-07-10,-3.507085845777169
2019-07-11,-6.920404700021621
2019-07-12,3.815312305547991
2019-07-13,-3.7828404129212956
2019-07-14,-10.639563237965177
2019-07-15,5.912397059694463
2019-07-16,-14.069633639375034
2019-07-17,2.123164804300437
2019-07-18,9.429992225353345
2019-07-19,-1.4128092385689683
2019-07-20,2.0881360517330805
2019-07-21,-1.7048893787675823
2019-07-22,-2.5768984755107027
2019-07-23,-4.502759740856099
2019-07-24,-1.033335580409478
2019-07-25,0.8811990331192732
2019-07-26,-0.5519190155043319
2019-07-27,-4.191093337354879
2019-07-28,0.6581670557237018
2019-07-29,-0.48551665211036266
2019-07-30,0.7911397043978141
2019-07-31,4.725568733269014
2019-08-01,2.934290945115592
2019-08-02,1.0011090331557781
2019-08-03,2.7131506666828287
2019-08-04,1.2305636254472674
2019-08-05,7.207778171963319
2019-08-06,-2.945126386432406
2019-08-07,3.8292471860907895
2019-08-08,0.07247142397002193
2019-08-09,-1.0003995309856961
2019-08-10,-4.516633766872857
2019-08-11,1.3503407094168196
2019-08-12,-1.362762593826261
2019-08-13,-4.502677420249057
2019-08-14,-8.195760273735964
2019-08-15,2.420241515263477
2019-08-16,0.47514811873963225
2019-08-17,-1.515991309381448
2019-08-18,0.9766970712803413
2019-08-19,5.233323272035406
2019-08-20,-1.5418233459204345
2019-08-21,-6.11598986753723
2019-08-22,-0.20097590393532982
2019-08-23,2.5646208095400524
2019-08-24,-2.543639679855403
2019-08-25,-0.34324361975208717
2019-08-26,2.1334700663162565
2019-08-27,-1.9350614038115665
2019-08-28,-4.456396313460331
2019-08-29,-2.6675511399506746
2019-08-30,0.7888295960883696
2019-08-31,0.2059696162289626
2019-09-01,1.1812647114940233
2019-09-02,5.726940909817557
2019-09-03,2.507916751163286
2019-09-04,-0.4057574793788987
2019-09-05,-0.31108393527397027
2019-09-06,-2.255720199480571
2019-09-07,1.4392026167765692
2019-09-08,-0.857002899764403
2019-09-09,-1.155272681848274
2019-09-10,-2.273745178867337
2019-09-11,0.4829537619869484
2019-09-12,2.119436321734902
2019-09-13,-0.6093686070290261
2019-09-14,-0.15607713732759265
2019-09-15,-0.23179943119906454
2019-09-16,-0.8196810993858605
2019-09-17,-0.4782093518837627
2019-09-18,-0.5529561040297892
2019-09-19,0.5342315588279689
2019-09-20,-0.9611266999272061
2019-09-21,-1.73510549833793
2019-09-22,0.3725228603206787
2019-09-23,-3.5774881281700033
2019-09-24,-12.23132803345539
2019-09-25,-1.69356461842618
2019-09-26,-4.565138174536187
2019-09-27,1.4914241507350212
2019-09-28,-0.20385967880010014
2019-09-29,-1.8656899354366985
2019-09-30,2.1816173146914863
2019-10-01,0.46198918356115115
2019-10-02,0.4627408506339137
2019-10-03,-1.7299017431373187
2019-10-04,-0.7885056895945652
2019-10-05,-0.7975827141065039
2019-10-06,-2.1561735283944117
2019-10-07,3.0402974147257567
2019-10-08,-0.33639957946860477
2019-10-09,4.230897334357486
2019-10-10,-0.23982581113557444
2019-10-11,-3.263437176978279
2019-10-12,0.04571196252474152
2019-10-13,-0.3186627874141479
2019-10-14,0.5110872074997275
2019-10-15,-2.1744564539696754
2019-10-16,-2.0743522755065413
2019-10-17,0.5662348925982386
2019-10-18,-1.7579570890035257
2019-10-19,0.06040949314112254
2019-10-20,2.749277285213658
2019-10-21,0.13091624588863482
2019-10-22,-2.1601952179725714
2019-10-23,-7.363173351791552
2019-10-24,-0.41425109830424134
2019-10-25,14.344146304784644
2019-10-26,6.396470307378088
2019-10-27,3.1321165195414835
2019-10-28,-3.27523073187006
2019-10-29,1.7043181105446337
2019-10-30,-2.514472653191646
2019-10-31,-0.1987003574761559
2019-11-01,0.5345316250632948
2019-11-02,0.5525751516152866
2019-11-03,-1.0949331660498274
2019-11-04,1.7691895041306083
2019-11-05,-0.8793346122651258
2019-11-06,0.0642850646075388
2019-11-07,-1.133862681482789
2019-11-08,-5.253371461935785
2019-11-09,-0.033189736137373416
2019-11-10,2.5761644547918294
2019-11-11,-3.4751479004025754
2019-11-12,0.526692242736182
2019-11-13,-0.2159331910235096
2019-11-14,-1.2756832994568867
2019-11-15,-2.6449028376923422
2019-11-16,0.5577000014852729
2019-11-17,0.18580544672790467
2019-11-18,-3.3143870196482794
2019-11-19,-1.3810005651642143
2019-11-20,-2.3358702374025597
2019-11-21,-5.040639893877241
2019-11-22,-4.767169553237416
2019-11-23,1.2457184137659283
2019-11-24,-4.9769756035750845
2019-11-25,1.2519739778253935
2019-11-26,0.8738204696959073
2019-11-27,4.116699562221626
2019-11-28,-1.0463898721008391
2019-11-29,3.785127932399668
2019-11-30,-2.6318043017592885
2019-12-01,-2.0706413117276057
2019-12-02,-1.5195107923899442
2019-12-03,-0.15713391328944226
2019-12-04,-1.0667763353980675
2019-12-05,2.5385136942988495
2019-12-06,1.1843208491198354
2019-12-07,-0.009589133301091124
2019-12-08,-0.02472617585649317
2019-12-09,-2.3163884493941467
2019-12-10,-1.804862996578116
2019-12-11,-0.969361463025642
2019-12-12,0.22358408453779788
2019-12-13,0.23392479846684466
2019-12-14,-2.146858696668197
2019-12-15,0.2550651657868386
2019-12-16,-3.2536178724122067
2019-12-17,-4.434777066083662
2019-12-18,9.018240877676043
2019-12-19,-1.153523060157724
2019-12-20,0.08953948892713726
2019-12-21,-0.5158325692015353
2019-12-22,4.2275067519993215
2019-12-23,-2.230084975736446
2019-12-24,-0.582922139406783
2019-12-25,-0.78106081820426
2019-12-26,-0.6306365586997487
2019-12-27,0.5717549840774439
2019-12-28,0.25004320628188026
2019-12-29,1.2881154872310674
2019-12-30,-1.8941834146779968
2019-12-31,-1.5042325636326126
2020-01-01,-0.040601413037144596
2020-01-02,-3.159255890927959
2020-01-03,4.885211514694632
2020-01-04,0.7595379010810532
2020-01-05,-0.12304868803969526
2020-01-06,4.5841836422575
2020-01-07,4.820725851331886
2020-01-08,-1.1641304015890697
2020-01-09,-2.6484481927504078
2020-01-10,3.4517386244241166
2020-01-11,-1.7243920743860386
2020-01-12,1.7775988232672901
2020-01-13,-0.7232695200348971
2020-01-14,7.927687556528085
2020-01-15,-0.36733796272212516
2020-01-16,-1.081437713794564
2020-01-17,2.193570790255528
2020-01-18,0.0221397462777162
2020-01-19,-2.8128733329284117
2020-01-20,-0.6917762619185197
2020-01-21,0.8822297120969935
2020-01-22,-0.8781582107852515
2020-01-23,-3.3434998536282734
2020-01-24,0.32993021952094637
2020-01-25,-1.054893699549453
2020-01-26,2.567720728968581
2020-01-27,3.4440794169276145
2020-01-28,4.7821025880463
2020-01-29,-0.5813289485899986
2020-01-30,1.9117406104994572
2020-01-31,-1.8124679489027073
2020-02-01,0.3198841338557301
2020-02-02,-0.6497541049611755
2020-02-03,-0.6775600890801314
2020-02-04,-1.3505084462163808
2020-02-05,4.4708717179666735
2020-02-06,1.0713453680857299
2020-02-07,0.5455204579686068
2020-02-08,0.5717228634374294
2020-02-09,2.386008940616513
2020-02-10,-2.736213668304188
2020-02-11,3.3732815933184668
2020-02-12,1.0155774126966222
2020-02-13,-1.219339345527004
2020-02-14,0.8203384347615028
2020-02-15,-4.317318121232816
2020-02-16,0.3221247707770658
2020-02-17,-2.6217354254665537
2020-02-18,4.4256061664665225
2020-02-19,-5.276961485637521
2020-02-20,-0.3908896481416235
2020-02-21,0.6761901196625786
2020-02-22,-0.3723788948059692
2020-02-23,2.53654346627048
2020-02-24,-2.9351623006741434
2020-02-25,-3.3806868351538455
2020-02-26,-5.87273187385744
2020-02-27,-0.5412597201534197
2020-02-28,-1.4155848581422603
2020-02-29,-0.9766466777257676
2020-03-01,-0.5637871717889098
2020-03-02,3.3931108777064622
2020-03-03,-1.0594395624840658
2020-03-04,-0.502937448348284
2020-03-05,3.4965211198334956
2020-03-06,0.34913735549899627
2020-03-07,-2.4899461343435902
2020-03-08,-9.562315958231338
2020-03-09,-2.433392410492985
2020-03-10,-0.3077315893269983
2020-03-11,-0.11046423247584869
2020-03-12,-46.604980615285996
2020-03-13,11.136659138445992
2020-03-14,-6.885520085965879
2020-03-15,3.4926101817760014
2020-03-16,-7.3964688522204725
2020-03-17,3.992589485710596
2020-03-18,0.11285735729824609
2020-03-19,16.578469343652813
2020-03-20,-0.009518080439896437
2020-03-21,-0.3534115889214817
2020-03-22,-6.0396654675615835
2020-03-23,9.446360683837796
2020-03-24,4.7125077760554746
2020-03-25,-0.9331190752806862
2020-03-26,0.39615805483315114
2020-03-27,-3.8733007512398387
2020-03-28,-3.7132871603875017
2020-03-29,-5.396984411875039
2020-03-30,8.09488177897002
2020-03-31,0.004847659652895686
2020-04-01,2.445817235259007
2020-04-02,2.6569125152875017
2020-04-03,-1.0225914642433054
2020-04-04,1.8406173031301876
2020-04-05,-1.2506491632791494
2020-04-06,6.7064384700563195
2020-04-07,-1.452101395384453
2020-04-08,2.0414995303124073
2020-04-09,-0.5693628797047268
2020-04-10,-6.2972277009070154
2020-04-11,-0.22537444258965422
2020-04-12,1.4878463526221353
2020-04-13,-1.956753418115298
2020-04-14,-0.1700981669445767
2020-04-15,-3.1032567889768714
2020-04-16,6.770948191334902
2020-04-17,-0.42211519085686433
2020-04-18,2.118127118752078
2020-04-19,-1.0766618770370329
2020-04-20,-4.502752343214311
2020-04-21,-0.155727366113112
2020-04-22,3.2530181648647627
2020-04-23,4.165371636317516
2020-04-24,1.4858453683340045
2020-04-25,0.11981089672623568
2020-04-26,1.3098005270244073
2020-04-27,1.3637725234941556
2020-04-28,0.014903181681624744
2020-04-29,11.852177563120314
2020-04-30,-1.7641608999008795
2020-05-01,2.2217279633483855
2020-05-02,1.2552496465948693
2020-05-03,-1.1509543017256263
2020-05-04,0.03856410163027846
2020-05-05,0.8773936176559971
2020-05-06,2.776449542673909
2020-05-07,6.975573604157681
2020-05-08,-1.2318177985376266
2020-05-09,-2.6919128327280717
2020-05-10,-9.265838073943122
2020-05-11,-1.9136987429103414
2020-05-12,2.196976566943931
2020-05-13,5.020197591790776
2020-05-14,4.749467752344216
2020-05-15,-4.387417214971734
2020-05-16,0.3899932574029208
2020-05-17,2.9523783855900376
2020-05-18,0.44374642584372737
2020-05-19,-0.10664503450588114
2020-05-20,-2.272668467812622
2020-05-21,-4.875941193313871
2020-05-22,0.972007386233642
2020-05-23,0.15849121240538722
2020-05-24,-4.787547886662935
2020-05-25,1.1853912495862318
2020-05-26,-0.9422694806305643
2020-05-27,3.7091340409608264
2020-05-28,3.5541083995887846
2020-05-29,-1.0455209677271426
2020-05-30,2.5985758916478474
2020-05-31,-2.6303923376081784
2020-06-01,7.0669685589251685
2020-06-02,-6.606910561592194
2020-06-03,1.1910064177810042
2020-06-04,1.3473908572565918
2020-06-05,-1.520070608574997
2020-06-06,-0.25467529716909354
2020-06-07,0.9516037545550304
2020-06-08,-0.002557045870332786
2020-06-09,0.11550168529375071
2020-06-10,0.6246286194219408
2020-06-11,-5.847534995436909
2020-06-12,1.5599952977057185
2020-06-13,-0.19069246357474867
2020-06-14,-1.070247463165508
2020-06-15,0.5466231524600573
2020-06-16,0.7877708554939744
2020-06-17,-0.7394808070381842
2020-06-18,-0.8562274788097568
2020-06-19,-1.4562947017232375
2020-06-20,0.34410022596667034
2020-06-21,-0.44008719968822163
2020-06-22,3.5100768502545066
2020-06-23,-0.3296931862246666
2020-06-24,-3.46905540868665
2020-06-25,-0.6572712308408057
2020-06-26,-1.2378674799988332
2020-06-27,-1.422900955317985
2020-06-28,0.9477280258083809
2020-06-29,0.38370660541371393
2020-06-30,-0.7087748447052178
2020-07-01,0.8517153878990769
2020-07-02,-1.275355573109671
2020-07-03,-0.5285042920352367
2020-07-04,0.364032295197525
2020-07-05,-0.7750995787121795
2020-07-06,3.1370733241441684
2020-07-07,-1.4547105841579366
2020-07-08,1.752995424153525
2020-07-09,-1.7396403529277293
2020-07-10,-0.12291146826797217
2020-07-11,-0.5473275432045455
2020-07-12,0.25852852752539235
2020-07-13,-0.4870988681940247
2020-07-14,-0.13629471269887006
2020-07-15,-0.6784692621202737
2020-07-16,-0.7934570276361796
2020-07-17,0.07767861939189658
2020-07-18,-0.048431888550304336
2020-07-19,0.15997009812895868
2020-07-20,-0.3672316373645401
2020-07-21,2.1406941605922825
2020-07-22,1.4603836618100274
2020-07-23,0.4511822375290464
2020-07-24,-0.5941437214019629
2020-07-25,1.3276304416953266
2020-07-26,2.1973266511473355
2020-07-27,10.268903517197714
2020-07-28,-0.8446294185208814
2020-07-29,1.5729076364166872
2020-07-30,-0.03520233385785332
2020-07-31,1.7602792560641234
2020-08-01,3.647240291906151
2020-08-02,-6.323148793591216
2020-08-03,1.5966422543154835
2020-08-04,-0.49233778146398066
2020-08-05,4.584040709045034
2020-08-06,0.14645135183002367
2020-08-07,-1.6571532862274196
2020-08-08,1.1745839110961498
2020-08-09,-0.8004022639251929
2020-08-10,1.5864570091503438
2020-08-11,-4.148074367587284
2020-08-12,1.384966994268666
2020-08-13,1.572922314232983
2020-08-14,-0.2615992041262061
2020-08-15,0.6874103440038581
2020-08-16,0.09621191527653394
2020-08-17,2.863212959679906
2020-08-18,-2.3029045568085493
2020-08-19,-2.0937517804451744
2020-08-20,0.8841696928673315
2020-08-21,-2.5681493606210637
2020-08-22,0.6357190467307205
2020-08-23,-0.2774017240058768
2020-08-24,0.8044827822150324
2020-08-25,-3.6625635221618325
2020-08-26,0.9376703950879417
2020-08-27,-1.578310848704767
2020-08-28,1.78450877825167
2020-08-29,-0.44116720605398285
2020-08-30,1.630830039558795
2020-08-31,-0.3943189004809611
2020-09-01,2.3175657031954344
2020-09-02,-4.891945917590057
2020-09-03,-10.934453864276783
2020-09-04,2.436132809248903
2020-09-05,-3.441967794720391
2020-09-06,0.9515156723438167
2020-09-07,0.7320837578451034
2020-09-08,-2.4543536403196953
2020-09-09,0.9560204896672531
2020-09-10,1.0404664100438055
2020-09-11,0.23190044353356143
2020-09-12,0.263908368599175
2020-09-13,-1.2724498409031781
2020-09-14,3.2684020114677637
2020-09-15,0.9492879929737796
2020-09-16,1.5027901613157368
2020-09-17,-0.3683722643668119
2020-09-18,-0.1721967726874496
2020-09-19,1.2271140569751537
2020-09-20,-1.5487516343178243
2020-09-21,-4.581294164113636
2020-09-22,0.5937313778987985
2020-09-23,-2.944545962355427
2020-09-24,4.761650562203457
2020-09-25,-0.7598520596816982
2020-09-26,0.4090599659850369
2020-09-27,0.09609523766549444
2020-09-28,-0.7427857959434903
2020-09-29,1.120595249443035
2020-09-30,-0.688153404412617
2020-10-01,-1.6741306214306917
2020-10-02,-0.5422176191361316
2020-10-03,-0.3842247510785768
2020-10-04,1.00150873010314
2020-10-05,1.0212648211647135
2020-10-06,-1.8979294875338226
2020-10-07,0.4750181637536599
2020-10-08,2.154175383422796
2020-10-09,1.2217563110104024
2020-10-10,1.9423046960641344
2020-10-11,0.6424518126916468
2020-10-12,1.3605235288542517
2020-10-13,-1.2586656343952285
2020-10-14,-0.10039574126210482
2020-10-15,0.44246105645502354
2020-10-16,-1.6503599103881328
2020-10-17,0.18530490368107166
2020-10-18,0.9648062404830071
2020-10-19,2.0956710651978128
2020-10-20,1.3415195792163104
2020-10-21,7.206442349278319
2020-10-22,0.9708356753710845
2020-10-23,-0.3972601268463549
2020-10-24,1.2238652036698383
2020-10-25,-0.7202656060597334
2020-10-26,0.20568763800081769
2020-10-27,4.2007928149567775
2020-10-28,-2.9765480231542796
2020-10-29,1.115547264556227
2020-10-30,0.6732444770221946
2020-10-31,1.5840977327544081
2020-11-01,-0.4509224006609358
2020-11-02,-1.4997860936203367
2020-11-03,2.7758784340287335
2020-11-04,1.1741813882633068
2020-11-05,9.609617999115905
2020-11-06,-0.22165611211342195
2020-11-07,-4.949577208738276
2020-11-08,4.1296036778758705
2020-11-09,-1.0877831140385652
2020-11-10,-0.40243179227008596
2020-11-11,2.5168384778728736
2020-11-12,3.4647070078177578
2020-11-13,0.1224682392630072
2020-11-14,-1.6738347216136873
2020-11-15,-0.8348871739180197
2020-11-16,4.5244267877327715
2020-11-17,5.278284503105191
2020-11-18,0.7628369063276352
2020-11-19,-0.058501079620398855
2020-11-20,4.28291318851084
2020-11-21,-0.019692657790670864
2020-11-22,-1.6030192472832994
2020-11-23,-0.16398159127959389
2020-11-24,3.83606369524756
2020-11-25,-2.1158963187723145
2020-11-26,-8.952488443687123
2020-11-27,-0.3784425069113695
2020-11-28,3.3658662487180635
2020-11-29,2.431607388932555
2020-11-30,7.5343521527067026
2020-12-01,-4.415016141551398
2020-12-02,1.963118332422198
2020-12-03,1.1323685233096015
2020-12-04,-4.0419098337318715
2020-12-05,2.2692982262789485
2020-12-06,0.8597013576812529
2020-12-07,-0.9285587374403548
2020-12-08,-4.773809036933052
2020-12-09,1.1305410216493783
2020-12-10,-1.701427103389186
2020-12-11,-1.266698734323768
2020-12-12,3.9092825510373075
2020-12-13,1.6533909014199821
2020-12-14,0.41122325248927893
2020-12-15,0.749652766411657
2020-12-16,9.173196676369244
2020-12-17,6.646279629766383
2020-12-18,1.3168049912238189
2020-12-19,2.982117333375456
2020-12-20,-1.7901253758703106
2020-12-21,-3.0457707745412677
2020-12-22,4.075693713269146
2020-12-23,-2.435906747609451
2020-12-24,1.9738277837307194
2020-12-25,3.7066387357493014
2020-12-26,6.806955523709668
2020-12-27,-0.7570619683210822
2020-12-28,2.913841248115645
2020-12-29,0.8878545673189464
2020-12-30,5.130555107626478
2020-12-31,0.4239171415967746
2021-01-01,1.1440322035140227
2021-01-02,8.827038033572165
2021-01-03,1.8855541590307112
2021-01-04,-2.6342098168901984
2021-01-05,5.996038090011879
2021-01-06,7.870219741779394
2021-01-07,6.555129344544142
2021-01-08,3.4273259066363693
2021-01-09,-1.4720153433600558
2021-01-10,-4.962011676995104
2021-01-11,-7.68335314168116
2021-01-12,-4.863610867191603
2021-01-13,9.402008992317157
2021-01-14,4.760198196576582
2021-01-15,-6.348612978539414
2021-01-16,-1.9051477956704588
2021-01-17,-1.2070503012424183
2021-01-18,2.1845758046142194
2021-01-19,-1.673315369327888
2021-01-20,-1.589884778842432
2021-01-21,-14.384776163144508
2021-01-22,6.701378066221686
2021-01-23,-3.015427220735667
2021-01-24,0.5571216538658774
2021-01-25,0.10626378237041934
2021-01-26,0.49467526475979184
2021-01-27,-6.919397603749466
2021-01-28,9.370062873408358
2021-01-29,2.3770440034732943
2021-01-30,-0.2686188125988309
2021-01-31,-3.5609054202657475
2021-02-01,1.1367911254909657
2021-02-02,5.584830806633434
2021-02-03,5.245426698845357
2021-02-04,-1.599830751690945
2021-02-05,3.113922249534795
2021-02-06,2.7663110468045815
2021-02-07,-1.0596218996491658
2021-02-08,17.050093107503805
2021-02-09,0.48229885723660715
2021-02-10,-3.5522834242714296
2021-02-11,6.314798524530829
2021-02-12,-0.9798095471010626
2021-02-13,-0.9761376064906457
2021-02-14,3.2324249093152346
2021-02-15,-1.7297866741897039
2021-02-16,2.4515629927662985
2021-02-17,5.6894521356435135
2021-02-18,-1.0357857402389925
2021-02-19,7.6965504623846215
2021-02-20,0.24555527072926964
2021-02-21,2.403252889744678
2021-02-22,-6.098307806833958
2021-02-23,-10.590487531409565
2021-02-24,1.6561864925035863
2021-02-25,-5.528939006513767
2021-02-26,-1.746170626997312
2021-02-27,-0.4590173293076205
2021-02-28,-2.433010737984631
2021-03-01,9.358152951405252
2021-03-02,-2.6874556021576623
2021-03-03,4.234509688081545
2021-03-04,-4.122575301221332
2021-03-05,0.619178936345044
2021-03-06,-0.1624657852664413
2021-03-07,4.451999254759542
2021-03-08,1.8783505702417713
2021-03-09,4.68372094401488
2021-03-10,2.0054548984942855
2021-03-11,3.0253369577211586
2021-03-12,-0.9536503666200957
2021-03-13,6.467083044862676
2021-03-14,-3.3522223472374435
2021-03-15,-6.0274839229908395
2021-03-16,1.4609840734523871
2021-03-17,3.440455626727079
2021-03-18,-1.8658782729698231
2021-03-19,0.7074688237493021
2021-03-20,-0.18855099384609275
2021-03-21,-1.4963534952931568
2021-03-22,-5.477651185751853
2021-03-23,0.25204846198576547
2021-03-24,-3.787138859074446
2021-03-25,-2.180506372864066
2021-03-26,6.296878850680621
2021-03-27,1.3732278161738165
2021-03-28,-0.17264349457892791
2021-03-29,3.0335398580231043
2021-03-30,1.8694979106898657
2021-03-31,-0.1300271365492378
2021-04-01,0.1679602065602026
2021-04-02,0.3550460031002345
2021-04-03,-3.175961198105348
2021-04-04,1.8527012319291103
2021-04-05,0.37615765131278067
2021-04-06,-1.6083528362706545
2021-04-07,-3.8848501666251423
2021-04-08,3.8468044891141417
2021-04-09,-0.2674180649201219
2021-04-10,2.4914567283579103
2021-04-11,0.5542673574318258
2021-04-12,-0.6507249811230409
2021-04-13,5.720751263718249
2021-04-14,-0.7539568962256382
2021-04-15,0.1912620303890833
2021-04-16,-2.92062526876542
2021-04-17,-1.5862556914491677
2021-04-18,-7.779206191120558
2021-04-19,-1.0108609930881585
2021-04-20,1.2027869745880437
2021-04-21,-4.78393763549132
2021-04-22,-4.190151455989266
2021-04-23,-1.4320933498291666
2021-04-24,-2.194006799319581
2021-04-25,-2.245235409205293
2021-04-26,9.616007598886966
2021-04-27,1.7228688335567455
2021-04-28,-0.5113886186821404
2021-04-29,-2.4749304638220337
2021-04-30,7.409555690787606
2021-05-01,0.002794154722707276
2021-05-02,-2.2235678403310644
2021-05-03,0.8681471392316453
2021-05-04,-7.131326703686192
2021-05-05,7.257745566139029
2021-05-06,-1.9374724370727847
2021-05-07,1.5557465968349504
2021-05-08,2.3601988889703662
2021-05-09,-1.1085258847113977
2021-05-10,-4.291517197280115
2021-05-11,1.3690326531204278
2021-05-12,-14.428677758612274
2021-05-13,1.0123297297006673
2021-05-14,0.19805559466803402
2021-05-15,-6.591833400836933
2021-05-16,-0.7844887903321052
2021-05-17,-6.620361529955154
2021-05-18,-1.5851564897714
2021-05-19,-14.942670716497197
2021-05-20,9.595538531087477
2021-05-21,-9.045944764987901
2021-05-22,0.4878606624158621
2021-05-23,-7.786527661141918
2021-05-24,10.590280601355673
2021-05-25,-0.919841339410965
2021-05-26,2.164193499968192
2021-05-27,-2.3376811884620707
2021-05-28,-7.525574231452836
2021-05-29,-3.2085322355237977
2021-05-30,2.890031326590048
2021-05-31,4.401628641937982
2021-06-01,-1.8827484386203963
2021-06-02,2.2658157889228647
2021-06-03,4.123698613828353
2021-06-04,-6.216001808021154
2021-06-05,-3.8384373387861714
2021-06-06,0.7373969037102412
2021-06-07,-6.765248644842892
2021-06-08,-0.39474058765431863
2021-06-09,10.8154471569053
2021-06-10,-1.8674373806215172
2021-06-11,1.5747947602900325
2021-06-12,-5.022382585349128
2021-06-13,9.373717048157104
2021-06-14,2.6939157153234916
2021-06-15,0.33388225144417305
2021-06-16,-5.36266624092292
2021-06-17,-0.9004391600754502
2021-06-18,-6.2721222204823235
2021-06-19,-0.6119850630380341
2021-06-20,0.09919945007066389
2021-06-21,-12.084142666176412
2021-06-22,2.4513416796306586
2021-06-23,3.5447044342527434
2021-06-24,2.6156069044558805
2021-06-25,-9.262428478734996
2021-06-26,1.5868607587837147
2021-06-27,7.242764366622367
2021-06-28,-0.7552893268840677
2021-06-29,3.946549031105384
2021-06-30,-2.464483377893778
2021-07-01,-4.413787641396105
2021-07-02,0.8312390100353895
2021-07-03,2.118531720825878
2021-07-04,1.6384287197832137
2021-07-05,-4.599438707475301
2021-07-06,1.3072579266376394
2021-07-07,-1.2477457463386799
2021-07-08,-3.0631409351050465
2021-07-09,2.6297732634787963
2021-07-10,-0.9563832046680432
2021-07-11,1.9922621860789747
2021-07-12,-3.35005571609166
2021-07-13,-1.5101717238886536
2021-07-14,0.23529690233452527
2021-07-15,-3.3569099169929117
2021-07-16,-1.268616167157255
2021-07-17,0.22235384042605943
2021-07-18,0.7009572300090028
2021-07-19,-3.2592133801797374
2021-07-20,-3.465818654729702
2021-07-21,7.311454154384656
2021-07-22,0.4964158069082458
2021-07-23,3.718431145881951
2021-07-24,1.9628613543584805
2021-07-25,2.90589889845716
2021-07-26,5.337579787852675
2021-07-27,5.262322267495101
2021-07-28,1.3515495703368074
2021-07-29,-0.10067571124885433
2021-07-30,5.285259983953239
2021-07-31,-1.58521761882362
2021-08-01,-4.179767456879979
2021-08-02,-2.084488027789533
2021-08-03,-2.844212201821783
2021-08-04,3.9623533825391632
2021-08-05,2.6518726558160566
2021-08-06,4.521850981332953
2021-08-07,3.8499180645690245
2021-08-08,-1.8471154715175686
2021-08-09,5.564308127698325
2021-08-10,-1.8293772205694836
2021-08-11,-0.11308702407433202
2021-08-12,-2.721138435728676
2021-08-13,7.1689848905831965
2021-08-14,-1.5997374571059098
2021-08-15,-0.23805892995110156
2021-08-16,-2.372793773425208
2021-08-17,-3.018882984767224
2021-08-18,0.1045335836925787
2021-08-19,4.056622251926356
2021-08-20,5.327827617076686
2021-08-21,-1.0148332048553144
2021-08-22,0.7153844584179225
2021-08-23,0.3221715870195041
2021-08-24,-3.9164525144036233
2021-08-25,2.46404911373439
2021-08-26,-4.342192826546132
2021-08-27,4.277979948918187
2021-08-28,-0.45099952516594044
2021-08-29,-0.2804715571492977
2021-08-30,-3.8344270760362065
2021-08-31,0.10514410456448076
2021-09-01,3.3686022974931618
2021-09-02,0.8473093975085888
2021-09-03,1.2724497193101314
2021-09-04,-0.2935115809819422
2021-09-05,3.4255804203587203
2021-09-06,1.5543509567136127
2021-09-07,-11.855212611038546
2021-09-08,-1.681442438607661
2021-09-09,0.5168759720866944
2021-09-10,-3.435481745755098
2021-09-11,0.5730308597270195
2021-09-12,1.7566923715152782
2021-09-13,-2.549392686520413
2021-09-14,4.495237596482404
2021-09-15,2.1434970501422512
2021-09-16,-0.9510370249024902
2021-09-17,-1.217371052236338
2021-09-18,1.9840495340938347
2021-09-19,-2.263422551565064
2021-09-20,-9.94275691830424
2021-09-21,-5.280789867641111
2021-09-22,6.7079971183696685
2021-09-23,2.8536678210137723
2021-09-24,-4.818182610295985
2021-09-25,-0.4198583551495716
2021-09-26,1.0131051231411448
2021-09-27,-2.4091213642655873
2021-09-28,-3.017196376082687
2021-09-29,1.150929400148648
2021-09-30,5.08631293050783
2021-10-01,9.288878811819323
2021-10-02,-0.978174473422655
2021-10-03,0.8866204366050567
2021-10-04,1.7444097780341394
2021-10-05,4.64279797215994
2021-10-06,7.06944705642254
2021-10-07,-2.9818425146432403
2021-10-08,0.16841299310819124
2021-10-09,1.7047162097730606
2021-10-10,-0.4903467129961925
2021-10-11,4.702933189448721
2021-10-12,-2.6755394319170733
2021-10-13,2.2659184003396504
2021-10-14,-0.27068765149831364
2021-10-15,7.05678275614936
2021-10-16,-1.2778515445674543
2021-10-17,0.9484234254454549
2021-10-18,0.632666153620498
2021-10-19,3.4093812847412863
2021-10-20,2.5258203728951045
2021-10-21,-6.034729920381565
2021-10-22,-2.6021881895790244
2021-10-23,1.0169974075489918
2021-10-24,-0.888612215797302
2021-10-25,3.270764252091851
2021-10-26,-4.469681691414884
2021-10-27,-3.2983474676768765
2021-10-28,3.4614860774938805
2021-10-29,2.4824744692068634
2021-10-30,-0.6784381193575939
2021-10-31,-1.0570329462444406
2021-11-01,-0.6462580878105584
2021-11-02,3.4456246535388146
2021-11-03,-0.5382436430236837
2021-11-04,-2.57186650676946
2021-11-05,-0.6647760001053271
2021-11-06,0.5232277627861492
2021-11-07,2.7508050726698485
2021-11-08,6.348593014847204
2021-11-09,-1.0164729995286947
2021-11-10,-3.1277796233529997
2021-11-11,-0.20163789203682114
2021-11-12,-1.3620068331800184
2021-11-13,0.3556332895190195
2021-11-14,1.4031453824983942
2021-11-15,-3.091253665980176
2021-11-16,-5.624208506466921
2021-11-17,0.21113341091467674
2021-11-18,-5.974338121639455
2021-11-19,1.9147342233219788
2021-11-20,2.546282880495454
2021-11-21,-1.7645886451939319
2021-11-22,-4.377414529053425
2021-11-23,2.116161729012589
2021-11-24,-2.395835077772368
2021-11-25,1.6192207347694776
2021-11-26,-6.819343183436821
2021-11-27,2.1660838794336
2021-11-28,4.211575546480262
2021-11-29,0.8382053405139089
2021-11-30,-1.527555323416152
2021-12-01,0.2609149921756426
2021-12-02,-1.454693292182796
2021-12-03,-5.365121647842841
2021-12-04,-8.692806166824951
2021-12-05,0.20920656593617082
2021-12-06,2.2968896038342734
2021-12-07,0.09998369237802507
2021-12-08,-0.5178917034472263
2021-12-09,-5.904118662156144
2021-12-10,-1.0355450234701635
2021-12-11,4.2560609903638635
2021-12-12,1.347697702507844
2021-12-13,-7.076100112126049
2021-12-14,-0.39944584335120936
2021-12-15,4.651914728689555
2021-12-16,-2.6823695011545468
2021-12-17,-3.2499724069126046
2021-12-18,1.257906484322291
2021-12-19,-0.43501609972214084
2021-12-20,0.2383049565905182
2021-12-21,4.16091620743817
2021-12-22,-0.7635465219575366
2021-12-23,4.2062308516500835
2021-12-24,-0.057841514552947615
2021-12-25,-0.9069358012078865
2021-12-26,0.6180574116749327
2021-12-27,-0.46532517797786
2021-12-28,-6.347105732506364
2021-12-29,-2.5655642769427445
2021-12-30,1.4348107900048035
2021-12-31,-1.9968803569952343
2022-01-01,2.805410233468386
2022-01-02,-0.8508685213106659
2022-01-03,-2.0234267508849157
2022-01-04,-1.3458565476947015
2022-01-05,-5.3385919267899595
2022-01-06,-1.0729928116674614
2022-01-07,-3.9167619463460923
2022-01-08,0.29074175195109575
2022-01-09,0.2928304393027048
2022-01-10,-0.3477442579287171
2022-01-11,2.031377982435245
2022-01-12,2.667427643882725
2022-01-13,-3.2695458765156005
2022-01-14,1.05400338827355
2022-01-15,0.04815248091247781
2022-01-16,-0.2791843177487152
2022-01-17,-2.1547202512135044
2022-01-18,0.16364784435261015
2022-01-19,-1.6329541255956315
2022-01-20,-2.7136373908689393
2022-01-21,-11.092431372852651
2022-01-22,-4.1249819652732
2022-01-23,3.364694296809567
2022-01-24,0.9033336293612138
2022-01-25,0.6822856013865675
2022-01-26,-0.4080455262650773
2022-01-27,0.641420707770024
2022-01-28,1.5927874277329224
2022-01-29,0.8001720926122502
2022-01-30,-0.7120077270240444
2022-01-31,1.34847772533071
2022-02-01,0.5417687689547535
2022-02-02,-4.863037077220866
2022-02-03,0.41215850189058045
2022-02-04,10.93072526443617
2022-02-05,-0.27594542968198965
2022-02-06,2.184724570449248
2022-02-07,3.1791951896451565
2022-02-08,0.5005178152252654
2022-02-09,0.3662482868911354
2022-02-10,-1.8923024594474924
2022-02-11,-2.824075686825722
2022-02-12,-0.5181752645952997
2022-02-13,-0.24317110226288463
2022-02-14,0.7866137501546078
2022-02-15,4.431097367415404
2022-02-16,-1.5174925862984523
2022-02-17,-8.240196153218982
2022-02-18,-1.3906157236846184
2022-02-19,0.09555073788067858
2022-02-20,-4.437405255961124
2022-02-21,-3.724344176144001
2022-02-22,3.081490352842131
2022-02-23,-2.7503265428507007
2022-02-24,2.6079949138464897
2022-02-25,2.14188197822196
2022-02-26,-0.41049031391633406
2022-02-27,-3.7654148737512827
2022-02-28,13.444462649023592
2022-03-01,2.5213749519439332
2022-03-02,-1.1073346748492696
2022-03-03,-3.5414109465499166
2022-03-04,-8.260490637832163
2022-03-05,0.5377275415547444
2022-03-06,-2.652256786544349
2022-03-07,-1.0679946083820724
2022-03-08,1.626510740287479
2022-03-09,7.914120220077336
2022-03-10,-6.386648761361613
2022-03-11,-1.774511310373228
2022-03-12,0.1487075991581932
2022-03-13,-2.879490078807123
2022-03-14,4.557166859644823
2022-03-15,-0.9622102711263736
2022-03-16,4.3545836861113685
2022-03-17,-0.6010547690879164
2022-03-18,1.9218887161850162
2022-03-19,0.7955056618927259
2022-03-20,-2.391995369905331
2022-03-21,-0.544539270055111
2022-03-22,2.938416049688719
2022-03-23,1.1211615277545661
2022-03-24,2.3274095152700625
2022-03-25,0.7463085594579866
2022-03-26,0.21040846724851292
2022-03-27,4.9493544979297255
2022-03-28,0.5226781950284476
2022-03-29,0.5820968926103731
2022-03-30,-0.984762604781686
2022-03-31,-3.423764035566812
2022-04-01,1.4863823196931136
2022-04-02,-1.027666635375546
2022-04-03,1.1345210429961838
2022-04-04,0.23141549330460975
2022-04-05,-2.4464491418981993
2022-04-06,-5.426533591366045
2022-04-07,0.5533293418446661
2022-04-08,-2.967360307202327
2022-04-09,1.0305604476847918
2022-04-10,-1.483827739040322
2022-04-11,-6.706662536793573
2022-04-12,1.3879360988674705
2022-04-13,2.4256786682405718
2022-04-14,-3.168400416762651
2022-04-15,1.4035548414042864
2022-04-16,-0.45052036527906125
2022-04-17,-1.8977153695027837
2022-04-18,2.622663755130006
2022-04-19,1.5115663526149348
2022-04-20,-0.4417498659297081
2022-04-21,-2.200407052140463
2022-04-22,-2.0930716065006294
2022-04-23,-0.7721250140663827
2022-04-24,-0.1761332396430504
2022-04-25,2.342941926301023
2022-04-26,-6.091918780163397
2022-04-27,2.77331041814346
2022-04-28,1.2164275908439492
2022-04-29,-3.10219844739148
2022-04-30,-2.4771809371005205
2022-05-01,1.8480949387315704
2022-05-02,0.024493079273213425
2022-05-03,-2.174187265398686
2022-05-04,4.899304671990556
2022-05-05,-8.32609955421617
2022-05-06,-1.6033410920723412
2022-05-07,-1.6386929870025213
2022-05-08,-4.280522960008248
2022-05-09,-11.837459407123774
2022-05-10,2.2359061573396843
2022-05-11,-7.094669449960556
2022-05-12,0.2522684827425792
2022-05-13,0.6749952180198804
2022-05-14,2.623690953777036
2022-05-15,3.7894598795791268
2022-05-16,-4.848356963901601
2022-05-17,1.7355680158781084
2022-05-18,-5.900925384703903
2022-05-19,5.269784169781033
2022-05-20,-3.8746240812688626
2022-05-21,0.6576525343440665
2022-05-22,2.8520485722699718
2022-05-23,-4.254924114975189
2022-05-24,1.7630150953982238
2022-05-25,-0.44681589432453706
2022-05-26,-1.1353330357957603
2022-05-27,-2.341751983564855
2022-05-28,0.5202610340829139
2022-05-29,2.0344359365873643
2022-05-30,7.327259735083302
2022-05-31,0.07559766639211318
2022-06-01,-6.606656148391998
2022-06-02,2.086300309789735
2022-06-03,-2.6684920523276645
2022-06-04,0.2997784555818228
2022-06-05,0.11493550440011546
2022-06-06,4.647254031588055
2022-06-07,-0.8202965471955537
2022-06-08,-3.1992577796517097
2022-06-09,-0.47130903588818995
2022-06-10,-3.6061850050884914
2022-06-11,-2.649282822338783
2022-06-12,-5.932071233190683
2022-06-13,-17.537218258975606
2022-06-14,-1.3876047754141752
2022-06-15,1.5029544270776185
2022-06-16,-10.343203214318919
2022-06-17,0.3078180069476133
2022-06-18,-7.498534203797469
2022-06-19,7.633338871098516
2022-06-20,0.09288497194912537
2022-06-21,0.4057297395011261
2022-06-22,-3.6881636137717777
2022-06-23,5.2200318839465965
2022-06-24,0.5570178800676118
2022-06-25,1.1348750233539207
2022-06-26,-2.3659947180382446
2022-06-27,-1.5294811657883045
2022-06-28,-2.3499323608506373
2022-06-29,-1.0066143072974043
2022-06-30,-1.7329342569366801
2022-07-01,-2.7713242481048894
2022-07-02,-0.2727586669459825
2022-07-03,0.15252731634269878
2022-07-04,4.59557963699222
2022-07-05,-0.3355508939391072
2022-07-06,1.6262818444797489
2022-07-07,5.03367625755331
2022-07-08,0.29935918993366784
2022-07-09,-0.7732371976929997
2022-07-10,-3.579711053811252
2022-07-11,-4.491559420785229
2022-07-12,-3.423525220210699
2022-07-13,4.361712913173577
2022-07-14,1.6230020450155536
2022-07-15,1.1548566229807378
2022-07-16,1.5526665478883928
2022-07-17,-2.0904530522832587
2022-07-18,7.760004741704307
2022-07-19,3.808565119033247
2022-07-20,-0.808487444945527
2022-07-21,-0.42122525831338464
2022-07-22,-2.0921576577968892
2022-07-23,-1.2364341410274093
2022-07-24,0.5055839977172738
2022-07-25,-5.807529059511829
2022-07-26,-0.7044674639928417
2022-07-27,7.527579073627599
2022-07-28,3.7738200078928585
2022-07-29,-0.29672755045258015
2022-07-30,-0.7574314279267469
2022-07-31,-1.4909516872693374
2022-08-01,-0.22926955213762312
2022-08-02,-1.5839877895698962
2022-08-03,-0.7063692520627995
2022-08-04,-1.0799156381606778
2022-08-05,2.7356268275074314
2022-08-06,-1.5504990626139303
2022-08-07,0.7983621916958228
2022-08-08,2.565191453149396
2022-08-09,-2.8790624309461776
2022-08-10,3.193716424079618
2022-08-11,-0.09068687457176594
2022-08-12,1.709635124381137
2022-08-13,-0.04492086842269316
2022-08-14,-0.56170138904168
2022-08-15,-0.8846501997540557
2022-08-16,-1.1885337087221615
2022-08-17,-2.450157569695044
2022-08-18,-0.661558784386429
2022-08-19,-10.734627271477315
2022-08-20,1.2404800489576928
2022-08-21,1.59200926994707
2022-08-22,-0.7618433384710244
2022-08-23,0.46989630415783523
2022-08-24,-0.7519964091615705
2022-08-25,0.8257385839870679
2022-08-26,-6.540534737274939
2022-08-27,-1.2152080627013007
2022-08-28,-2.2749565120340876
2022-08-29,3.281536081689751
2022-08-30,-2.6320958596652844
2022-08-31,1.1376993355707299
2022-09-01,0.2532186550450177
2022-09-02,-0.9169110504245737
2022-09-03,-0.8238108748583883
2022-09-04,0.6446840009184385
2022-09-05,-1.0080782809257727
2022-09-06,-5.176769548544691
2022-09-07,2.2425522936050157
2022-09-08,0.07264394904513694
2022-09-09,9.954046685480478
2022-09-10,1.2585607600312798
2022-09-11,0.2764021149959106
2022-09-12,2.5922533058578168
2022-09-13,-9.860182973650922
2022-09-14,-0.40635994884592463
2022-09-15,-2.835421705434804
2022-09-16,0.22965973603472634
2022-09-17,1.6474861902651128
2022-09-18,-3.7132436860586537
2022-09-19,0.5077281209826978
2022-09-20,-3.5320108360172853
2022-09-21,-1.9664444328309827
2022-09-22,4.432204673604367
2022-09-23,-0.7308207109797848
2022-09-24,-2.018407152241508
2022-09-25,-0.8469488850172624
2022-09-26,2.080233734420922
2022-09-27,-0.716966498325533
2022-09-28,1.5089468344104517
2022-09-29,0.6184554942006315
2022-09-30,-0.8562954304837334
2022-10-01,-0.7498347319636167
2022-10-02,-1.5293518749363244
2022-10-03,2.8654545494259054
2022-10-04,3.438266488969255
2022-10-05,-1.0017836888112086
2022-10-06,-1.1553672571681162
2022-10-07,-2.200745888056055
2022-10-08,-0.8007018230248519
2022-10-09,0.021691717605598626
2022-10-10,-1.7124982960174506
2022-10-11,-0.6036034525790157
2022-10-12,0.42302655613859486
2022-10-13,1.0380395709210788
2022-10-14,-1.1548157042456708
2022-10-15,-0.7490177488676864
2022-10-16,0.9138540673731654
2022-10-17,1.3243863318381344
2022-10-18,-1.244695816241581
2022-10-19,-1.1450252709026998
2022-10-20,-0.5812309972215601
2022-10-21,0.48922798403072676
2022-10-22,0.0541760580967221
2022-10-23,1.7188520141086627
2022-10-24,-1.270093406835393
2022-10-25,3.6730494786777257
2022-10-26,3.169756354586184
2022-10-27,-2.4927615134707537
2022-10-28,1.3822861766332295
2022-10-29,0.9455859840178604
2022-10-30,-1.0142609532710622
2022-10-31,-0.8118849665985195
2022-11-01,-0.18320628288801544
2022-11-02,-1.7350054828941808
2022-11-03,0.11814856777014882
2022-11-04,4.401236743458625
2022-11-05,0.5065551706625371
2022-11-06,-1.819811808113947
2022-11-07,-1.6907490678311987
2022-11-08,-10.674827762454697
2022-11-09,-15.620917898323405
2022-11-10,10.071777819819872
2022-11-11,-3.323808441438736
2022-11-12,-1.5217770560466803
2022-11-13,-2.821633579778471
2022-11-14,1.4745101591513432
2022-11-15,1.4584686366429622
2022-11-16,-1.4145311183822784
2022-11-17,-0.023571139243649952
2022-11-18,-0.0705002967384516
2022-11-19,-0.04953380534065133
2022-11-20,-2.6755661107506157
2022-11-21,-3.2778693400159042
2022-11-22,2.3855084267305315
2022-11-23,2.434832617265137
2022-11-24,-0.16954944453431153
2022-11-25,-0.6308005708188347
2022-11-26,-0.480961993470963
2022-11-27,-0.2514097617666522
2022-11-28,-1.5238479054056953
2022-11-29,1.2620833297260603
2022-11-30,4.174013577085844
2022-12-01,-1.3121699408454646
2022-12-02,0.581735523272009
2022-12-03,-1.1933865680882505
2022-12-04,1.1739211650279913
2022-12-05,-1.0447900030239765
2022-12-06,0.541340443773386
2022-12-07,-1.5544608645523539
2022-12-08,2.1294569267952923
2022-12-09,-0.7158001318973817
2022-12-10,-0.15780950184005604
2022-12-11,-0.275282761047535
2022-12-12,0.4640297099220092
2022-12-13,3.1545157917642896
2022-12-14,0.06092998290849749
2022-12-15,-2.6948011834109664
2022-12-16,-4.350943979458677
2022-12-17,0.7507941539806495
2022-12-18,-0.35319619844447203
2022-12-19,-2.049608270793968
2022-12-20,2.666907426938714
2022-12-21,-0.6584140233263369
2022-12-22,-0.055841540200596285
2022-12-23,-0.3305439241907848
2022-12-24,0.1700325341637665
2022-12-25,-0.16621404870562628
2022-12-26,0.32902251715860587
2022-12-27,-1.336787768146408
2022-12-28,-1.1214681113337122
2022-12-29,0.4089014012434333
2022-12-30,-0.37113266918460397
2022-12-31,-0.4643296462644386
2023-01-01,0.33579754984920385
2023-01-02,0.24860698716189233
2023-01-03,-0.18358857125839734
2023-01-04,0.9614523148949061
2023-01-05,-0.2892448531524039
2023-01-06,0.5501161422467149
2023-01-07,-0.11362249847817196
2023-01-08,0.6673451535935015
2023-01-09,0.48289583742207043
2023-01-10,1.3098503057801025
2023-01-11,2.630151968464567
2023-01-12,4.948354967710067
2023-01-13,5.232958199058402
2023-01-14,5.08728097477551
2023-01-15,-0.5882783590449137
2023-01-16,1.2418089139190513
2023-01-17,-0.17029551924192532
2023-01-18,-2.391246196638619
2023-01-19,1.7735703289812221
2023-01-20,7.13649217979615
2023-01-21,0.31275921813662677
2023-01-22,-0.3834421043517722
2023-01-23,0.8055811385483835
2023-01-24,-1.439671001399212
2023-01-25,1.9723553888237433
2023-01-26,-0.5006779406929951
2023-01-27,0.06734156610797015
2023-01-28,-0.33859451261797346
2023-01-29,3.0451704571959226
2023-01-30,-4.141654547903784
2023-01-31,1.1692657726428024
2023-02-01,2.3626103776917873
2023-02-02,-1.1994380690454776
2023-02-03,-0.2280767060756972
2023-02-04,-0.6341944555950718
2023-02-05,-1.757411904436168
2023-02-06,-0.9875007234370514
2023-02-07,2.059056490184652
2023-02-08,-1.5383353297091062
2023-02-09,-5.139257873420355
2023-02-10,-0.9042448537989856
2023-02-11,0.8776089808739229
2023-02-12,-0.5106791576031
2023-02-13,-0.04067810188477239
2023-02-14,1.7427835237050715
2023-02-15,8.845037705011016
2023-02-16,-2.9877732294650627
2023-02-17,3.77866186130138
2023-02-18,0.1756192835728143
2023-02-19,-1.4129349907523903
2023-02-20,1.9085413931229311
2023-02-21,-1.726601235080949
2023-02-22,-1.1500027694088644
2023-02-23,-1.1347547575104144
2023-02-24,-3.3111698219530084
2023-02-25,-0.23008788962499693
2023-02-26,1.5191915020784208
2023-02-27,-0.29482833047804746
2023-02-28,-1.7412361688188938
2023-03-01,2.00171741260764
2023-03-02,-0.8580981022566547
2023-03-03,-4.988205654285771
2023-03-04,-0.17369343352058308
2023-03-05,0.23493238622389612
2023-03-06,-0.15762149912781354
2023-03-07,-1.0725769779128314
2023-03-08,-2.4156945874217683
2023-03-09,-6.574414414161822
2023-03-10,-0.9989287696200222
2023-03-11,2.0492590431025803
2023-03-12,7.028428103224371
2023-03-13,8.646400355539896
2023-03-14,2.109653398442113
2023-03-15,-1.6389050638704106
2023-03-16,2.606809115656361
2023-03-17,8.911118654170203
2023-03-18,-1.8163286728032801
2023-03-19,3.7692881583877735
2023-03-20,-1.104768949016055
2023-03-21,1.3287628644224725
2023-03-22,-3.2624565599110866
2023-03-23,3.558280010835624
2023-03-24,-3.1439363998641667
2023-03-25,-0.1267914976819995
2023-03-26,1.668884709038565
2023-03-27,-3.2317070869117615
2023-03-28,0.339446928082765
2023-03-29,3.7533768499605102
2023-03-30,-1.2489229554418557
2023-03-31,1.442678407536846
2023-04-01,-0.3690867234487527
2023-04-02,-0.8799802658060685
2023-04-03,-1.593290496348132
2023-04-04,1.2185955061552178
2023-04-05,-0.0968425108379023
2023-04-06,-0.6080888159665676
2023-04-07,-0.5546231709381289
2023-04-08,-0.053444687342718566
2023-04-09,1.2371061715821696
2023-04-10,4.421401594430385
2023-04-11,1.8119858751246554
2023-04-12,-0.44999986292193483
2023-04-13,0.7270502955195823
2023-04-14,0.1526167148931279
2023-04-15,-0.6819367980607893
2023-04-16,-0.14232239354718956
2023-04-17,-3.044835408990565
2023-04-18,3.051683018473028
2023-04-19,-5.451916744175911
2023-04-20,-2.153075743236599
2023-04-21,-3.6230508084798885
2023-04-22,1.8305125743312445
2023-04-23,-0.9481372040465175
2023-04-24,-0.37161793726561143
2023-04-25,2.670357696086789
2023-04-26,0.27382950554937224
2023-04-27,3.499350204920937
2023-04-28,-0.5860233702838613
2023-04-29,-0.44524340409690666
2023-04-30,-0.06251913240884477
2023-05-01,-4.237248702410135
2023-05-02,1.9429639478035554
2023-05-03,0.9974970011942474
2023-05-04,-0.6802328638460864
2023-05-05,2.220489282226623
2023-05-06,-2.2873251322232946
2023-05-07,-1.699804313307851
2023-05-08,-2.841711112567502
2023-05-09,-0.26022359267319217
2023-05-10,-0.2658964424639976
2023-05-11,-2.4057258685889593
2023-05-12,-0.8597647969009969
2023-05-13,-0.21000926153433852
2023-05-14,0.4137380572860394
2023-05-15,0.8364057366637923
2023-05-16,-0.7074574119776855
2023-05-17,1.198631838538411
2023-05-18,-2.2215953751578255
2023-05-19,0.0836639617084245
2023-05-20,0.7545969472348091
2023-05-21,-1.5266997627623624
2023-05-22,0.23162647580576845
2023-05-23,1.2529331830339885
2023-05-24,-3.459003100098279
2023-05-25,0.40348953920528174
2023-05-26,0.7819701848971405
2023-05-27,0.42436995317629567
2023-05-28,4.29898689405146
2023-05-29,-1.3490742920419407
2023-05-30,-0.2889930235118854
2023-05-31,-1.889742353635171
2023-06-01,-1.611221280427344
2023-06-02,1.4571980252711114
2023-06-03,-0.7742546247506255
2023-06-04,0.030185316221498226
2023-06-05,-5.272997651197819
2023-06-06,5.449548774925006
2023-06-07,-3.4645054933895025
2023-06-08,0.481873525061971
2023-06-09,-0.23704909508257543
2023-06-10,-2.5364945490558455
2023-06-11,0.2114445411258714
2023-06-12,-0.27727958161403166
2023-06-13,-0.0693303857111971
2023-06-14,-3.2434984845705728
2023-06-15,1.649974459703074
2023-06-16,2.762314245228481
2023-06-17,0.561526998012063
2023-06-18,-0.7922234251399374
2023-06-19,1.8039616388655588
2023-06-20,5.220886447205508
2023-06-21,5.69545823937343
2023-06-22,-0.5157354392780533
2023-06-23,2.4526274955068317
2023-06-24,-0.6112698715579512
2023-06-25,-0.35622915355144613
2023-06-26,-0.8204466751262629
2023-06-27,1.2362932602156818
2023-06-28,-2.112854872612324
2023-06-29,1.0545566724644573
2023-06-30,-0.027238753392033743
2023-07-01,0.23755135499925473
2023-07-02,-0.031682134394195316
2023-07-03,1.6022795504873955
2023-07-04,-1.3554009863529615
2023-07-05,-0.9915164334378446
2023-07-06,-2.1339930453033062
2023-07-07,1.3051279167212826
2023-07-08,-0.29597653587920547
2023-07-09,-0.533217560042587
2023-07-10,0.6709907992080488
2023-07-11,0.5446317552499025
2023-07-12,-0.8836300352053073
2023-07-13,3.373948718637898
2023-07-14,-3.8275083582847813
2023-07-15,-0.25817717569438514
2023-07-16,-0.2861422341572606
2023-07-17,-0.47385961071988447
2023-07-18,-1.096351730799583
2023-07-19,0.05997561371966498
2023-07-20,-0.5403257120731197
2023-07-21,0.25908274400805453
2023-07-22,-0.5908786032216895
2023-07-23,0.9130027970305932
2023-07-24,-3.19531689779442
2023-07-25,0.04088246671543061
2023-07-26,0.30360225203782676
2023-07-27,-0.624686939737984
2023-07-28,0.23898133914492803
2023-07-29,-0.003557004401422148
2023-07-30,-0.4103404600524385
2023-07-31,-0.2864693635528326
2023-08-01,1.381060301300252
2023-08-02,-1.9127138329995574
2023-08-03,-0.0403450033910957
2023-08-04,-0.49104643593818054
2023-08-05,-0.2419662703006864
2023-08-06,-0.13289788076153997
2023-08-07,0.34456429892912865
2023-08-08,1.8526756165966773
2023-08-09,-0.8196732230146608
2023-08-10,-0.5791579802414404
2023-08-11,-0.24033777348915208
2023-08-12,-0.06990268759512475
2023-08-13,-0.5852971537528617
2023-08-14,0.2957983261630659
2023-08-15,-0.9448750931840166
2023-08-16,-1.7513215651788983
2023-08-17,-7.494375090914929
2023-08-18,-2.4653879466896456
2023-08-19,0.046952513770470716
2023-08-20,0.2252238607020729
2023-08-21,-0.3821589677691861
2023-08-22,-0.4866100332337808
2023-08-23,1.392882473607493
2023-08-24,-1.1559196574211228
2023-08-25,-0.571362325002589
2023-08-26,-0.2825892799531715
2023-08-27,0.17987342279077723
2023-08-28,-0.06890429879646831
2023-08-29,5.893026175776583
2023-08-30,-1.6953920184409554
2023-08-31,-5.264877626267506
2023-09-01,-0.6374445113758398
2023-09-02,0.13153560653904606
2023-09-03,0.2568134728601734
2023-09-04,-0.7389343317120378
2023-09-05,-0.2576932237515095
2023-09-06,-0.2357644614679799
2023-09-07,1.741247468886442
2023-09-08,-1.4150780673594099
2023-09-09,-0.17048163761650414
2023-09-10,-0.3772898717942397
2023-09-11,-2.758151188056779
2023-09-12,2.4985497139832447
2023-09-13,1.3854222145599948
2023-09-14,1.0481204317885684
2023-09-15,0.1277610596233103
2023-09-16,-0.2839541167205084
2023-09-17,-0.2603704999735612
2023-09-18,0.6940880576665975
2023-09-19,1.561147184934697
2023-09-20,-0.4231109712478087
2023-09-21,-2.2340098529783248
2023-09-22,-0.08704802722299121
2023-09-23,-0.13263177151028316
2023-09-24,-1.352975788840105
2023-09-25,0.026552997313089577
2023-09-26,-0.4413200408610152
2023-09-27,0.38341520397029427
2023-09-28,2.3743575421875107
2023-09-29,-0.5392305383384866
2023-09-30,0.07663273076001786
2023-10-01,3.5656490043296074
2023-10-02,-1.7638776601600625
2023-10-03,-0.498794787903023
2023-10-04,1.2058088489396823
2023-10-05,-1.5210293068928848
2023-10-06,1.785225297506976
2023-10-07,-0.052406559290396615
2023-10-08,-0.2527059496147288
2023-10-09,-1.3979018541013133
2023-10-10,-0.8328636825677194
2023-10-11,-2.0400851655356433
2023-10-12,-0.5665012460264407
2023-10-13,0.26183749701456094
2023-10-14,-0.1344497454814686
2023-10-15,0.9711129502784743
2023-10-16,4.753476649167965
2023-10-17,-0.49630302458609776
2023-10-18,-0.4400350562772104
2023-10-19,1.2404600348386197
2023-10-20,3.1666138169466507
2023-10-21,0.6581669102992294
2023-10-22,0.12001991421488611
2023-10-23,9.68037747160757
2023-10-24,2.3023120974688283
2023-10-25,1.6261370312040668
2023-10-26,-1.140344924701786
2023-10-27,-0.857280006965766
2023-10-28,0.3967884148313061
2023-10-29,1.1762851405052288
2023-10-30,-0.23658865896063475
2023-10-31,0.3463307988607056
2023-11-01,2.0633244807603646
2023-11-02,-1.5501273851224795
2023-11-03,-0.7230837768231524
2023-11-04,0.8703327880597911
2023-11-05,-0.22561521300801246
2023-11-06,-0.16616178255937086
2023-11-07,1.0206774490514547
2023-11-08,0.46358944803888136
2023-11-09,2.7372609011379723
2023-11-10,1.545871523724962
2023-11-11,-0.6045313131494368
2023-11-12,-0.3571373405167222
2023-11-13,-1.633316786811534
2023-11-14,-2.810398865288022
2023-11-15,6.252656846319127
2023-11-16,-4.794938700375084
2023-11-17,1.0829116153594498
2023-11-18,-0.16197158287507563
2023-11-19,2.0333760578418847
2023-11-20,0.10957036419085853
2023-11-21,-4.67122527350341
2023-11-22,4.288175865475097
2023-11-23,-0.513963022851982
2023-11-24,1.0163250110545974
2023-11-25,0.07067121225148298
2023-11-26,-0.9759880654177877
2023-11-27,-0.7339807557006139
2023-11-28,1.404768279814661
2023-11-29,-0.05954557845910813
2023-11-30,-0.517681981155782
2023-12-01,2.4231099301543324
2023-12-02,1.8832812325634052
2023-12-03,1.131813970740403
2023-12-04,4.753693607347742
2023-12-05,4.750560374664481
2023-12-06,-0.8930146516485493
2023-12-07,-1.174679085007213
2023-12-08,1.8666052421714596
2023-12-09,-1.134597999781306
2023-12-10,-0.009194254666411439
2023-12-11,-6.098827750992264
2023-12-12,0.3672047351205521
2023-12-13,3.284311875795254
2023-12-14,0.1781830346116564
2023-12-15,-2.7081309622669636
2023-12-16,0.605499773607221
2023-12-17,-2.2263053221557527
2023-12-18,2.866003869870326
2023-12-19,-0.9636201531700195
2023-12-20,3.0845106431664604
2023-12-21,0.3636934826962701
2023-12-22,0.16109349741082468
2023-12-23,-0.7209023212062959
2023-12-24,-1.7997333409565996
2023-12-25,1.2464000833887212
2023-12-26,-2.669411035291702
2023-12-27,2.0142760391253844
2023-12-28,-2.0258114076119327
2023-12-29,-1.3794010165094406
2023-12-30,0.00452524235967644
2023-12-31,0.12456981389696864
2024-01-01,4.270203402423967
2024-01-02,1.6422973200519664
2024-01-03,-4.938458439184146
2024-01-04,2.9287726905200984
2024-01-05,-0.17097136582382433
2024-01-06,-0.5255934940596063
2024-01-07,-0.23681116138618563
2024-01-08,6.530463554278754
2024-01-09,-1.916504791952356
2024-01-10,0.9202401938862792
2024-01-11,-0.6893871960608422
2024-01-12,-8.016225964608026
2024-01-13,-0.1571339477271394
2024-01-14,-2.604040616844472
2024-01-15,1.5658933233334338
2024-01-16,1.3691733692720476
2024-01-17,-1.0919343638947865
2024-01-18,-3.657353681746578
2024-01-19,0.7279496924988749
2024-01-20,-0.018664735953954903
2024-01-21,-0.41990657376427265
2024-01-22,-5.162854109434178
2024-01-23,0.7203953444836486
2024-01-24,0.44740749149010384
2024-01-25,-0.4900788102579767
2024-01-26,4.475694368173144
2024-01-27,0.5904482042311088
2024-01-28,-0.3326886830393505
2024-01-29,2.804478492382856
2024-01-30,-0.9103375803022118
2024-01-31,-0.9971183622132784
2024-02-01,1.0195259481154295
2024-02-02,0.12327437171588684
2024-02-03,-0.5812876305236969
2024-02-04,-1.0870717041830957
2024-02-05,0.04420767185617791
2024-02-06,0.8617173895613561
2024-02-07,2.690901539719448
2024-02-08,2.062604046902905
2024-02-09,3.861336459532616
2024-02-10,1.183032988197752
2024-02-11,0.9561433445497869
2024-02-12,3.256184771856674
2024-02-13,-0.564821957320305
2024-02-14,3.972721869732254
2024-02-15,0.0836378416021688
2024-02-16,0.2938801796675605
2024-02-17,-1.0897660310872581
2024-02-18,0.7536203467626734
2024-02-19,-0.7929794507131049
2024-02-20,0.8400048524233483
2024-02-21,-0.988053512831577
2024-02-22,-1.167817845310104
2024-02-23,-1.2551436928598392
2024-02-24,1.5085963317131856
2024-02-25,0.18193825551513498
2024-02-26,5.119155684385923
2024-02-27,4.461658562738791
2024-02-28,8.93756621639561
2024-02-29,-2.24420450831051
2024-03-01,1.8775834975338412
2024-03-02,-0.7920178125177202
2024-03-03,1.685257384592731
2024-03-04,7.724745003592126
2024-03-05,-6.990261262800601
2024-03-06,3.4180069387780065
2024-03-07,1.09885092394304
2024-03-08,1.9011681423901194
2024-03-09,0.15866658189338523
2024-03-10,0.6256194844119989
2024-03-11,4.267266776966139
2024-03-12,-1.026946686243413
2024-03-13,2.084726825098926
2024-03-14,-2.4672092271467605
2024-03-15,-2.9628554105086025
2024-03-16,-6.203735601938298
2024-03-17,4.469260989152346
2024-03-18,-1.370813836745377
2024-03-19,-8.844036267009336
2024-03-20,9.119122215568787
2024-03-21,-3.763830503929988
2024-03-22,-2.7818077465244784
2024-03-23,0.3114657852314906
2024-03-24,4.70074623375929
2024-03-25,3.8405416881793997
2024-03-26,-0.09048522065224773
2024-03-27,-0.8957075356036626
2024-03-28,1.7077559158794386
2024-03-29,-1.3437788825289232
2024-03-30,-0.4867387861768435
2024-03-31,2.263322788321709
2024-04-01,-2.445663314634494
2024-04-02,-6.43105351829707
2024-04-03,0.6804112260233808
2024-04-04,3.627923189877613
2024-04-05,-1.1165261231374402
2024-04-06,1.4162865549478099
2024-04-07,0.5427824550540805
2024-04-08,3.086616328393532
2024-04-09,-3.673339201687398
2024-04-10,1.941967042944981
2024-04-11,-0.8817413397597562
2024-04-12,-4.306860099452159
2024-04-13,-5.284168052832072
2024-04-14,2.8278870681873514
2024-04-15,-3.713063030959418
2024-04-16,0.47422893641435593
2024-04-17,-4.185921616303112
2024-04-18,3.452157127306066
2024-04-19,0.3875512063826747
2024-04-20,1.6546241073418955
2024-04-21,-0.23632932896529013
2024-04-22,2.7689270946190447
2024-04-23,-0.7780029303001257
2024-04-24,-3.3925932129356795
2024-04-25,0.18616519561049927
2024-04-26,-1.2648566032101627
2024-04-27,-0.6606548769442
2024-04-28,-0.6154927103240837
2024-04-29,1.0147460974470945
2024-04-30,-5.281426052962779
2024-05-01,-4.140955429374316
2024-05-02,1.3494761736611238
2024-05-03,6.043757568516206
2024-05-04,1.448171357596273
2024-05-05,0.0863880243878512
2024-05-06,-1.4986995576808937
2024-05-07,-1.450156080873377
2024-05-08,-1.988961707157877
2024-05-09,2.8657677791093406
2024-05-10,-3.777608544857536
2024-05-11,-0.13042739463280384
2024-05-12,0.9391733339707997
2024-05-13,2.2051863424790596
2024-05-14,-2.2993668924666366
2024-05-15,7.248466684841404
2024-05-16,-1.7075355210238286
2024-05-17,2.620320409196175
2024-05-18,-0.2977487618377239
2024-05-19,-1.1264790366304567
2024-05-20,7.3789458012212705
2024-05-21,-1.9848487995380637
2024-05-22,-1.5885500323271629
2024-05-23,-1.8726227400843953
2024-05-24,0.7423763854962573
2024-05-25,0.9419027572343808
2024-05-26,-1.2175153871124778
2024-05-27,1.1390918180673282
2024-05-28,-1.7273629859042572
2024-05-29,-1.1890159906933206
2024-05-30,1.0257379093186358
2024-05-31,-1.4180123583892978
2024-06-01,0.18686272917705082
2024-06-02,-0.06601808525630304
2024-06-03,1.4105507845043164
2024-06-04,2.398059443583911
2024-06-05,0.5952587003516641
2024-06-06,-0.5911521085103288
2024-06-07,-2.151418789297743
2024-06-08,-0.18506504519901767
2024-06-09,0.36060283135022075
2024-06-10,-0.32700578591082774
2024-06-11,-3.318700573096578
2024-06-12,1.2092603361214316
2024-06-13,-2.3317786234246185
2024-06-14,-1.2546965218474426
2024-06-15,0.14020562033998374
2024-06-16,0.5426562308114669
2024-06-17,-0.3554300611819272
2024-06-18,-2.1825402696238783
2024-06-19,-0.4093618328411708
2024-06-20,-0.3348165090798716
2024-06-21,-1.2682294889076573
2024-06-22,0.11171510069925006
2024-06-23,-1.8141072175087203
2024-06-24,-4.836256480649759
2024-06-25,2.3701347776771797
2024-06-26,-1.7522829077146085
2024-06-27,1.1644917050372072
2024-06-28,-2.239344282169853
2024-06-29,0.8040289251606936
2024-06-30,2.766964191863863
2024-07-01,0.14476317138196748
2024-07-02,-1.4499806869377352
2024-07-03,-3.1682833319703008
2024-07-04,-5.5898679767434345
2024-07-05,-0.6869238653838039
2024-07-06,2.7232754812002824
2024-07-07,-4.432884800240622
2024-07-08,1.3890902977568231
2024-07-09,2.141833329906362
2024-07-10,-0.5928304182932109
2024-07-11,-0.8228876791354978
2024-07-12,0.8304353745018034
2024-07-13,2.1433372429497055
2024-07-14,2.4608219449918423
2024-07-15,6.3678989581895
2024-07-16,0.21734989695882945
2024-07-17,-1.6462873267910183
2024-07-18,-0.3579344973438481
2024-07-19,4.055978929654991
2024-07-20,0.5455315535245475
2024-07-21,1.3325744557057817
2024-07-22,-0.9707397503197157
2024-07-23,-2.615113435937033
2024-07-24,-0.978182737066291
2024-07-25,0.4857982866859345
2024-07-26,3.062036138011237
2024-07-27,-0.2774429709225146
2024-07-28,0.5184894826586017
2024-07-29,-2.258187647717236
2024-07-30,-1.0624977043759642
2024-07-31,-2.5503081390573
2024-08-01,1.004021529795729
2024-08-02,-6.353664467795639
2024-08-03,-1.3359117605171278
2024-08-04,-4.447751353729501
2024-08-05,-7.495161663428718
2024-08-06,3.5818834286031276
2024-08-07,-1.9451576434509121
2024-08-08,11.329622661987138
2024-08-09,-1.4861264365752191
2024-08-10,-0.024105538346752553
2024-08-11,-3.8533177336523394
2024-08-12,0.9436968827522207
2024-08-13,1.9604908464030402
2024-08-14,-3.2697932204751368
2024-08-15,-2.156449291022078
2024-08-16,2.159179928825594
2024-08-17,0.8562209824177103
2024-08-18,-1.818986873955808
2024-08-19,1.5794032742920905
2024-08-20,-0.9431655417843743
2024-08-21,3.4667856961666743
2024-08-22,-1.437174491863047
2024-08-23,5.834704697683968
2024-08-24,0.0
2024-08-25,0.10855953474564473
2024-08-26,-2.4162142892219407
2024-08-27,-5.651250837399324
2024-08-28,-0.9359845322354232
2024-08-29,0.47700259296536984
2024-08-30,-0.5854419433113378
2024-08-31,-0.38529358626693266
2024-09-01,-2.9601402070806415
2024-09-02,2.9377100269563527
2024-09-03,-3.0177073049790337
2024-09-04,0.804791815375161
2024-09-05,-3.305836095857728
2024-09-06,-4.149849071862555
2024-09-07,0.2213287043083767
2024-09-08,1.1561274582616576
2024-09-09,3.762588285236035
2024-09-10,0.9654324346309195
2024-09-11,-0.6633741236466761
2024-09-12,1.2257066816314222
2024-09-13,3.987109209416495
2024-09-14,-1.071091710162797
2024-09-15,-1.5117974592504524
2024-09-16,-1.8194582469266862
2024-09-17,3.439745784762316
2024-09-18,2.0674699755307557
2024-09-19,1.94014882408311
2024-09-20,0.26843808343191
2024-09-21,0.1869672203392625
2024-09-22,0.26769739749443744
2024-09-23,-0.6342698456165863
2024-09-24,1.3914613359100159
2024-09-25,-1.9505595371974493
2024-09-26,3.044439984253877
2024-09-27,0.798999883559226
2024-09-28,0.015341954267533708
2024-09-29,-0.5156893490699588
2024-09-30,-3.7082107862653757
2024-10-01,-4.147260123033547
2024-10-02,-0.46821597790245306
2024-10-03,0.0766454560690022
2024-10-04,1.9980652746301786
2024-10-05,-0.09576281965859579
2024-10-06,1.0353070970431588
2024-10-07,-1.0632242406156678
2024-10-08,-0.30031973507060883
2024-10-09,-2.658078628154925
2024-10-10,-0.6409997789038613
2024-10-11,3.40588485473603
2024-10-12,1.0586667519172366
2024-10-13,-0.6740724942444487
2024-10-14,4.826091847520431
2024-10-15,1.3633011608952472
2024-10-16,0.7170477734364411
2024-10-17,-0.4473159600312471
2024-10-18,1.3685266236578286
2024-10-19,-0.21392545346134995
2024-10-20,0.7983699368853792
2024-10-21,-2.5282893734388523
2024-10-22,-0.14153088062638375
2024-10-23,-1.5210069026784012
2024-10-24,2.437191715436704
2024-10-25,-2.3851764285881316
2024-10-26,0.42510749201642994
2024-10-27,1.2235853244481731
2024-10-28,2.738958428946958
2024-10-29,3.8126959764676727
2024-10-30,-0.6571994231272527
2024-10-31,-3.1125851710010366
2024-11-01,-1.1809792049865209
2024-11-02,-0.4103993598615574
2024-11-03,-0.9262216923334066
2024-11-04,-1.4935242175351249
2024-11-05,2.125248167784477
2024-11-06,8.534940045537809
2024-11-07,0.21880188743939044
2024-11-08,0.7084692526230896
2024-11-09,0.1724775568249015
2024-11-10,4.568741455875802
2024-11-11,9.60205123118758
2024-11-12,-0.97616970821921
2024-11-13,2.812521967467596
2024-11-14,-3.8816553131898246
2024-11-15,4.14824874783406
2024-11-16,-0.6908443057204394
2024-11-17,-0.9219981253403731
2024-11-18,0.6405834592989379
2024-11-19,1.8377912370565852
2024-11-20,2.0061814185346805
2024-11-21,4.18850065691263
2024-11-22,0.36720912819756535
2024-11-23,-1.3723633342879182
2024-11-24,0.10966095133930764
2024-11-25,-5.272926810637557
2024-11-26,-1.338948334736756
2024-11-27,4.100918249187124
2024-11-28,-0.45559408162194615
2024-11-29,1.7416532094122417
2024-11-30,-1.176236127818342
2024-12-01,0.7256680807204319
2024-12-02,-1.5966750611447367
2024-12-03,0.010697265547499057
2024-12-04,2.708868005892029
2024-12-05,-2.358649612530783
2024-12-06,3.254517095472309
2024-12-07,-0.12933603282618833
2024-12-08,1.173169700665433
2024-12-09,-3.961213427929877
2024-12-10,-0.9122424367074444
2024-12-11,4.4153318757677695
2024-12-12,-1.255176896268928
2024-12-13,1.273759265921015
2024-12-14,-0.21704726065028268
2024-12-15,2.7132746883443914
2024-12-16,1.514093662994398
2024-12-17,-0.027440618005059036
2024-12-18,-6.049878546685505
2024-12-19,-2.714553593822977
2024-12-20,0.1394642740098817
2024-12-21,-0.6768421985206885
2024-12-22,-2.3363811195100226
2024-12-23,-0.5731806262206263
2024-12-24,3.995436325519286
2024-12-25,0.4975130749651058
2024-12-26,-3.7241224109889615
2024-12-27,-1.8488435678040815
2024-12-28,0.9234280093826541
2024-12-29,-1.8635948181687567
2024-12-30,-1.084862000481479
